atm_id,state,district,lat,lng,bank_name,atm_count_district
ATM_00001,Andhra Pradesh,Tirupati,13.653242,79.389252,Bank of Baroda,22
ATM_00002,Andhra Pradesh,Tirupati,13.631841,79.43221,HDFC Bank,22
ATM_00003,Andhra Pradesh,Visakhapatnam,17.754072,83.179538,HDFC Bank,10
ATM_00004,Andhra Pradesh,Visakhapatnam,17.722501,83.202807,PNB,10
ATM_00005,Andhra Pradesh,Tirupati,13.651172,79.425609,SBI,22
ATM_00006,Andhra Pradesh,Vijayawada,16.476413,80.631663,Kotak Mahindra Bank,8
ATM_00007,Andhra Pradesh,Tirupati,13.648894,79.449142,HDFC Bank,22
ATM_00008,Andhra Pradesh,Vijayawada,16.461324,80.66599,HDFC Bank,8
ATM_00009,Andhra Pradesh,Tirupati,13.619555,79.376449,Bank of Baroda,22
ATM_00010,Andhra Pradesh,Guntur,16.241627,80.439746,HDFC Bank,12
ATM_00011,Andhra Pradesh,Guntur,16.314767,80.4464,SBI,12
ATM_00012,Andhra Pradesh,Tirupati,13.587104,79.401659,HDFC Bank,22
ATM_00013,Andhra Pradesh,Vijayawada,16.543916,80.737853,Union Bank,8
ATM_00014,Andhra Pradesh,Tirupati,13.610109,79.391656,Axis Bank,22
ATM_00015,Andhra Pradesh,Vijayawada,16.484316,80.64558,HDFC Bank,8
ATM_00016,Andhra Pradesh,Visakhapatnam,17.654165,83.314281,SBI,10
ATM_00017,Andhra Pradesh,Guntur,16.304866,80.407035,PNB,12
ATM_00018,Andhra Pradesh,Visakhapatnam,17.694,83.213161,Union Bank,10
ATM_00019,Andhra Pradesh,Tirupati,13.697909,79.427446,SBI,22
ATM_00020,Andhra Pradesh,Guntur,16.372465,80.386683,HDFC Bank,12
ATM_00021,Andhra Pradesh,Tirupati,13.692137,79.423276,SBI,22
ATM_00022,Andhra Pradesh,Vijayawada,16.491164,80.689216,HDFC Bank,8
ATM_00023,Andhra Pradesh,Tirupati,13.673924,79.443415,Axis Bank,22
ATM_00024,Andhra Pradesh,Visakhapatnam,17.638003,83.222572,Canara Bank,10
ATM_00025,Andhra Pradesh,Vijayawada,16.479618,80.662202,Bank of Baroda,8
ATM_00026,Andhra Pradesh,Tirupati,13.604975,79.379741,Canara Bank,22
ATM_00027,Andhra Pradesh,Tirupati,13.711461,79.549928,Union Bank,22
ATM_00028,Andhra Pradesh,Tirupati,13.66378,79.438764,HDFC Bank,22
ATM_00029,Andhra Pradesh,Visakhapatnam,17.66181,83.239719,HDFC Bank,10
ATM_00030,Andhra Pradesh,Tirupati,13.643042,79.414822,Kotak Mahindra Bank,22
ATM_00031,Andhra Pradesh,Tirupati,13.578741,79.472801,PNB,22
ATM_00032,Andhra Pradesh,Visakhapatnam,17.665581,83.230367,IndusInd Bank,10
ATM_00033,Andhra Pradesh,Tirupati,13.5133,79.408542,Kotak Mahindra Bank,22
ATM_00034,Andhra Pradesh,Guntur,16.237676,80.475372,ICICI Bank,12
ATM_00035,Andhra Pradesh,Guntur,16.384654,80.489484,IndusInd Bank,12
ATM_00036,Andhra Pradesh,Tirupati,13.597416,79.463731,Canara Bank,22
ATM_00037,Andhra Pradesh,Guntur,16.388629,80.469385,SBI,12
ATM_00038,Andhra Pradesh,Vijayawada,16.474748,80.602383,Union Bank,8
ATM_00039,Andhra Pradesh,Visakhapatnam,17.583692,83.232197,PNB,10
ATM_00040,Andhra Pradesh,Tirupati,13.557628,79.485618,HDFC Bank,22
ATM_00041,Andhra Pradesh,Guntur,16.317248,80.448665,Kotak Mahindra Bank,12
ATM_00042,Andhra Pradesh,Guntur,16.301075,80.503165,Bank of Baroda,12
ATM_00043,Andhra Pradesh,Guntur,16.345256,80.474382,IndusInd Bank,12
ATM_00044,Andhra Pradesh,Visakhapatnam,17.691655,83.27743,Canara Bank,10
ATM_00045,Andhra Pradesh,Guntur,16.319132,80.372926,IndusInd Bank,12
ATM_00046,Andhra Pradesh,Guntur,16.276893,80.442721,IndusInd Bank,12
ATM_00047,Andhra Pradesh,Tirupati,13.665724,79.401482,Union Bank,22
ATM_00048,Andhra Pradesh,Tirupati,13.562102,79.314187,Kotak Mahindra Bank,22
ATM_00049,Andhra Pradesh,Tirupati,13.625689,79.480111,Kotak Mahindra Bank,22
ATM_00050,Andhra Pradesh,Visakhapatnam,17.722961,83.295935,ICICI Bank,10
ATM_00051,Andhra Pradesh,Vijayawada,16.547973,80.620775,Union Bank,8
ATM_00052,Andhra Pradesh,Tirupati,13.645086,79.47863,PNB,22
ATM_00053,Assam,Guwahati,26.138599,91.751895,HDFC Bank,4
ATM_00054,Assam,Dibrugarh,27.487788,94.910836,Bank of Baroda,10
ATM_00055,Assam,Dibrugarh,27.459606,94.999175,SBI,10
ATM_00056,Assam,Dibrugarh,27.500663,94.896733,Canara Bank,10
ATM_00057,Assam,Dibrugarh,27.476918,94.938135,Union Bank,10
ATM_00058,Assam,Guwahati,26.172062,91.766151,Bank of Baroda,4
ATM_00059,Assam,Dibrugarh,27.390387,94.896898,Axis Bank,10
ATM_00060,Assam,Dibrugarh,27.339396,94.887543,HDFC Bank,10
ATM_00061,Assam,Dibrugarh,27.477276,94.908125,Axis Bank,10
ATM_00062,Assam,Dibrugarh,27.429143,94.872054,IndusInd Bank,10
ATM_00063,Assam,Dibrugarh,27.48442,94.982412,Union Bank,10
ATM_00064,Assam,Guwahati,26.120255,91.787852,ICICI Bank,4
ATM_00065,Assam,Dibrugarh,27.461398,94.904837,Canara Bank,10
ATM_00066,Assam,Guwahati,26.157839,91.827778,Bank of Baroda,4
ATM_00067,Bihar,Gaya,24.76828,84.960204,Bank of Baroda,22
ATM_00068,Bihar,Patna,25.586916,85.108219,HDFC Bank,14
ATM_00069,Bihar,Patna,25.602643,85.072133,Union Bank,14
ATM_00070,Bihar,Patna,25.58088,85.089354,IndusInd Bank,14
ATM_00071,Bihar,Gaya,24.736393,85.011407,IndusInd Bank,22
ATM_00072,Bihar,Muzaffarpur,26.130575,85.311127,IndusInd Bank,23
ATM_00073,Bihar,Patna,25.628432,85.157764,IndusInd Bank,14
ATM_00074,Bihar,Gaya,24.755103,84.942481,Union Bank,22
ATM_00075,Bihar,Gaya,24.803501,84.972315,SBI,22
ATM_00076,Bihar,Gaya,24.863892,85.11492,Kotak Mahindra Bank,22
ATM_00077,Bihar,Muzaffarpur,26.14578,85.414603,HDFC Bank,23
ATM_00078,Bihar,Gaya,24.819087,84.92232,HDFC Bank,22
ATM_00079,Bihar,Patna,25.620527,85.151973,SBI,14
ATM_00080,Bihar,Muzaffarpur,26.079091,85.375595,Union Bank,23
ATM_00081,Bihar,Muzaffarpur,26.155018,85.403257,Union Bank,23
ATM_00082,Bihar,Patna,25.613008,85.155047,ICICI Bank,14
ATM_00083,Bihar,Patna,25.571562,85.118007,Kotak Mahindra Bank,14
ATM_00084,Bihar,Muzaffarpur,26.108641,85.433842,PNB,23
ATM_00085,Bihar,Muzaffarpur,26.11065,85.441083,Bank of Baroda,23
ATM_00086,Bihar,Gaya,24.816535,84.990231,ICICI Bank,22
ATM_00087,Bihar,Patna,25.539385,85.067243,PNB,14
ATM_00088,Bihar,Gaya,24.724051,84.95867,ICICI Bank,22
ATM_00089,Bihar,Muzaffarpur,26.122322,85.415693,Union Bank,23
ATM_00090,Bihar,Patna,25.492973,85.182679,HDFC Bank,14
ATM_00091,Bihar,Gaya,24.814633,84.983473,Canara Bank,22
ATM_00092,Bihar,Muzaffarpur,26.170822,85.349562,IndusInd Bank,23
ATM_00093,Bihar,Gaya,24.820061,85.015536,Axis Bank,22
ATM_00094,Bihar,Patna,25.655265,85.149085,Union Bank,14
ATM_00095,Bihar,Muzaffarpur,26.061081,85.388696,PNB,23
ATM_00096,Bihar,Patna,25.584969,85.088891,Kotak Mahindra Bank,14
ATM_00097,Bihar,Muzaffarpur,26.114179,85.435807,Kotak Mahindra Bank,23
ATM_00098,Bihar,Gaya,24.808468,85.05813,Axis Bank,22
ATM_00099,Bihar,Muzaffarpur,26.093695,85.40238,SBI,23
ATM_00100,Bihar,Gaya,24.740126,84.978544,HDFC Bank,22
ATM_00101,Bihar,Gaya,24.786108,85.054839,Axis Bank,22
ATM_00102,Bihar,Muzaffarpur,26.079454,85.376318,Kotak Mahindra Bank,23
ATM_00103,Bihar,Muzaffarpur,26.115502,85.396898,Union Bank,23
ATM_00104,Bihar,Gaya,24.769361,85.041087,IndusInd Bank,22
ATM_00105,Bihar,Patna,25.624096,85.093409,Axis Bank,14
ATM_00106,Bihar,Muzaffarpur,26.101388,85.364681,HDFC Bank,23
ATM_00107,Bihar,Muzaffarpur,26.031563,85.390446,Bank of Baroda,23
ATM_00108,Bihar,Gaya,24.738661,84.951,IndusInd Bank,22
ATM_00109,Bihar,Muzaffarpur,26.094602,85.372623,Canara Bank,23
ATM_00110,Bihar,Muzaffarpur,26.050596,85.408536,ICICI Bank,23
ATM_00111,Bihar,Patna,25.536634,85.140746,Kotak Mahindra Bank,14
ATM_00112,Bihar,Muzaffarpur,26.171788,85.455634,Union Bank,23
ATM_00113,Bihar,Patna,25.568385,85.130123,Kotak Mahindra Bank,14
ATM_00114,Bihar,Gaya,24.811575,85.052639,HDFC Bank,22
ATM_00115,Bihar,Muzaffarpur,26.158669,85.400522,SBI,23
ATM_00116,Bihar,Gaya,24.659523,85.01743,HDFC Bank,22
ATM_00117,Bihar,Gaya,24.853074,84.978419,SBI,22
ATM_00118,Bihar,Gaya,24.786462,84.998598,Bank of Baroda,22
ATM_00119,Bihar,Gaya,24.786622,85.01024,HDFC Bank,22
ATM_00120,Bihar,Gaya,24.811372,85.021052,PNB,22
ATM_00121,Bihar,Muzaffarpur,26.134597,85.377382,Bank of Baroda,23
ATM_00122,Bihar,Gaya,24.807272,85.034707,Bank of Baroda,22
ATM_00123,Bihar,Muzaffarpur,26.148226,85.391135,Bank of Baroda,23
ATM_00124,Bihar,Muzaffarpur,26.184604,85.368466,Axis Bank,23
ATM_00125,Bihar,Muzaffarpur,26.147587,85.406294,HDFC Bank,23
ATM_00126,Chhattisgarh,Bhilai,21.195423,81.350692,Canara Bank,12
ATM_00127,Chhattisgarh,Bhilai,21.193737,81.395276,Bank of Baroda,12
ATM_00128,Chhattisgarh,Bilaspur,22.084287,82.106595,Bank of Baroda,11
ATM_00129,Chhattisgarh,Raipur,21.242217,81.634534,Union Bank,11
ATM_00130,Chhattisgarh,Raipur,21.271413,81.622684,ICICI Bank,11
ATM_00131,Chhattisgarh,Raipur,21.271876,81.694631,Axis Bank,11
ATM_00132,Chhattisgarh,Raipur,21.261605,81.688956,HDFC Bank,11
ATM_00133,Chhattisgarh,Bhilai,21.196586,81.355868,Union Bank,12
ATM_00134,Chhattisgarh,Bhilai,21.194183,81.386672,PNB,12
ATM_00135,Chhattisgarh,Raipur,21.302254,81.657234,Axis Bank,11
ATM_00136,Chhattisgarh,Bilaspur,22.13836,82.17871,Kotak Mahindra Bank,11
ATM_00137,Chhattisgarh,Bhilai,21.244816,81.334643,Kotak Mahindra Bank,12
ATM_00138,Chhattisgarh,Bilaspur,22.071412,82.128743,Union Bank,11
ATM_00139,Chhattisgarh,Bhilai,21.162937,81.413077,PNB,12
ATM_00140,Chhattisgarh,Bhilai,21.271146,81.246518,Union Bank,12
ATM_00141,Chhattisgarh,Bhilai,21.239657,81.397259,HDFC Bank,12
ATM_00142,Chhattisgarh,Bilaspur,22.07976,82.207183,Axis Bank,11
ATM_00143,Chhattisgarh,Raipur,21.207068,81.590862,Union Bank,11
ATM_00144,Chhattisgarh,Bhilai,21.18854,81.305997,Bank of Baroda,12
ATM_00145,Chhattisgarh,Raipur,21.191978,81.668061,PNB,11
ATM_00146,Chhattisgarh,Bilaspur,22.107283,82.134556,Canara Bank,11
ATM_00147,Chhattisgarh,Bhilai,21.13854,81.309206,PNB,12
ATM_00148,Chhattisgarh,Raipur,21.222125,81.59926,HDFC Bank,11
ATM_00149,Chhattisgarh,Bhilai,21.185432,81.31879,ICICI Bank,12
ATM_00150,Chhattisgarh,Raipur,21.2494,81.687675,Kotak Mahindra Bank,11
ATM_00151,Chhattisgarh,Bhilai,21.218979,81.376378,IndusInd Bank,12
ATM_00152,Chhattisgarh,Bilaspur,22.080896,82.166574,PNB,11
ATM_00153,Chhattisgarh,Bilaspur,22.126719,82.143959,Bank of Baroda,11
ATM_00154,Chhattisgarh,Bilaspur,22.043839,82.154489,PNB,11
ATM_00155,Chhattisgarh,Raipur,21.29637,81.633984,HDFC Bank,11
ATM_00156,Chhattisgarh,Bilaspur,22.108961,82.16761,IndusInd Bank,11
ATM_00157,Chhattisgarh,Bilaspur,22.052711,82.213803,SBI,11
ATM_00158,Chhattisgarh,Raipur,21.254121,81.64087,Bank of Baroda,11
ATM_00159,Chhattisgarh,Bilaspur,22.061944,82.045086,HDFC Bank,11
ATM_00160,Delhi,West Delhi,28.654107,77.056202,PNB,19
ATM_00161,Delhi,West Delhi,28.52669,77.134361,Bank of Baroda,19
ATM_00162,Delhi,East Delhi,28.618868,77.293922,Kotak Mahindra Bank,22
ATM_00163,Delhi,East Delhi,28.638295,77.320536,Canara Bank,22
ATM_00164,Delhi,New Delhi,28.653344,77.221154,SBI,13
ATM_00165,Delhi,West Delhi,28.615795,77.169251,Canara Bank,19
ATM_00166,Delhi,North Delhi,28.745317,77.097588,Union Bank,11
ATM_00167,Delhi,West Delhi,28.63477,77.12718,HDFC Bank,19
ATM_00168,Delhi,North Delhi,28.687014,77.119463,Axis Bank,11
ATM_00169,Delhi,New Delhi,28.632118,77.136763,IndusInd Bank,13
ATM_00170,Delhi,North Delhi,28.759272,76.973483,IndusInd Bank,11
ATM_00171,Delhi,East Delhi,28.643138,77.235788,SBI,22
ATM_00172,Delhi,North Delhi,28.731219,77.094288,IndusInd Bank,11
ATM_00173,Delhi,West Delhi,28.625571,77.18126,SBI,19
ATM_00174,Delhi,West Delhi,28.581143,77.206742,Canara Bank,19
ATM_00175,Delhi,West Delhi,28.641925,77.140577,Axis Bank,19
ATM_00176,Delhi,West Delhi,28.68116,77.183547,ICICI Bank,19
ATM_00177,Delhi,New Delhi,28.594101,77.075997,PNB,13
ATM_00178,Delhi,North Delhi,28.697619,77.115552,ICICI Bank,11
ATM_00179,Delhi,West Delhi,28.646965,77.132214,Kotak Mahindra Bank,19
ATM_00180,Delhi,South Delhi,28.578833,77.216393,Canara Bank,10
ATM_00181,Delhi,South Delhi,28.471279,77.169457,Bank of Baroda,10
ATM_00182,Delhi,East Delhi,28.72232,77.211429,ICICI Bank,22
ATM_00183,Delhi,East Delhi,28.662992,77.240573,Union Bank,22
ATM_00184,Delhi,North Delhi,28.676086,77.054273,HDFC Bank,11
ATM_00185,Delhi,North Delhi,28.678617,77.074393,Bank of Baroda,11
ATM_00186,Delhi,West Delhi,28.741588,77.155956,Union Bank,19
ATM_00187,Delhi,South Delhi,28.503331,77.308041,Union Bank,10
ATM_00188,Delhi,East Delhi,28.531939,77.304778,SBI,22
ATM_00189,Delhi,East Delhi,28.661715,77.201069,ICICI Bank,22
ATM_00190,Delhi,East Delhi,28.689373,77.26635,ICICI Bank,22
ATM_00191,Delhi,East Delhi,28.601823,77.260554,SBI,22
ATM_00192,Delhi,West Delhi,28.634058,77.156297,ICICI Bank,19
ATM_00193,Delhi,South Delhi,28.568337,77.177581,ICICI Bank,10
ATM_00194,Delhi,West Delhi,28.653024,77.196295,ICICI Bank,19
ATM_00195,Delhi,East Delhi,28.622629,77.204059,SBI,22
ATM_00196,Delhi,East Delhi,28.620177,77.244169,Kotak Mahindra Bank,22
ATM_00197,Delhi,West Delhi,28.649228,77.200971,Union Bank,19
ATM_00198,Delhi,New Delhi,28.604104,77.191729,Union Bank,13
ATM_00199,Delhi,South Delhi,28.666641,77.169036,Bank of Baroda,10
ATM_00200,Delhi,New Delhi,28.622559,77.259942,ICICI Bank,13
ATM_00201,Delhi,New Delhi,28.620467,77.208233,Canara Bank,13
ATM_00202,Delhi,New Delhi,28.5477,77.231637,PNB,13
ATM_00203,Delhi,South Delhi,28.527461,77.217764,PNB,10
ATM_00204,Delhi,East Delhi,28.645481,77.197808,HDFC Bank,22
ATM_00205,Delhi,East Delhi,28.681613,77.24567,Bank of Baroda,22
ATM_00206,Delhi,East Delhi,28.634081,77.297251,IndusInd Bank,22
ATM_00207,Delhi,West Delhi,28.58417,77.103857,SBI,19
ATM_00208,Delhi,East Delhi,28.621637,77.316288,SBI,22
ATM_00209,Delhi,South Delhi,28.51454,77.355857,PNB,10
ATM_00210,Delhi,North Delhi,28.714757,77.188131,Union Bank,11
ATM_00211,Delhi,New Delhi,28.642745,77.203907,Axis Bank,13
ATM_00212,Delhi,North Delhi,28.751229,77.039604,ICICI Bank,11
ATM_00213,Delhi,East Delhi,28.631297,77.278689,PNB,22
ATM_00214,Delhi,East Delhi,28.566425,77.26847,Axis Bank,22
ATM_00215,Delhi,East Delhi,28.658205,77.242141,Axis Bank,22
ATM_00216,Delhi,East Delhi,28.598463,77.251546,IndusInd Bank,22
ATM_00217,Delhi,West Delhi,28.598771,77.115008,HDFC Bank,19
ATM_00218,Delhi,West Delhi,28.610401,77.276431,ICICI Bank,19
ATM_00219,Delhi,East Delhi,28.567394,77.28648,IndusInd Bank,22
ATM_00220,Delhi,South Delhi,28.566449,77.30358,IndusInd Bank,10
ATM_00221,Delhi,South Delhi,28.547823,77.235466,SBI,10
ATM_00222,Delhi,West Delhi,28.649913,77.16991,HDFC Bank,19
ATM_00223,Delhi,West Delhi,28.653486,77.193233,PNB,19
ATM_00224,Delhi,East Delhi,28.657896,77.318969,PNB,22
ATM_00225,Delhi,North Delhi,28.664516,77.132821,PNB,11
ATM_00226,Delhi,East Delhi,28.65404,77.280958,PNB,22
ATM_00227,Delhi,South Delhi,28.575053,77.181618,HDFC Bank,10
ATM_00228,Delhi,West Delhi,28.622831,77.160408,Axis Bank,19
ATM_00229,Delhi,New Delhi,28.631602,77.146137,Kotak Mahindra Bank,13
ATM_00230,Delhi,New Delhi,28.604494,77.239534,SBI,13
ATM_00231,Delhi,New Delhi,28.565999,77.126722,PNB,13
ATM_00232,Delhi,New Delhi,28.593344,77.213565,Axis Bank,13
ATM_00233,Delhi,North Delhi,28.750203,77.067257,Union Bank,11
ATM_00234,Delhi,New Delhi,28.593651,77.160592,Bank of Baroda,13
ATM_00235,Gujarat,Vadodara,22.308657,73.18783,IndusInd Bank,36
ATM_00236,Gujarat,Ahmedabad,23.076064,72.434257,Kotak Mahindra Bank,32
ATM_00237,Gujarat,Vadodara,22.220732,73.232005,Union Bank,36
ATM_00238,Gujarat,Rajkot,22.226538,70.784038,HDFC Bank,44
ATM_00239,Gujarat,Ahmedabad,22.992023,72.535327,Kotak Mahindra Bank,32
ATM_00240,Gujarat,Surat,21.136353,72.79019,SBI,43
ATM_00241,Gujarat,Ahmedabad,23.032189,72.525296,Kotak Mahindra Bank,32
ATM_00242,Gujarat,Vadodara,22.29501,73.170574,Bank of Baroda,36
ATM_00243,Gujarat,Vadodara,22.296587,73.167399,Bank of Baroda,36
ATM_00244,Gujarat,Surat,21.241079,72.85309,SBI,43
ATM_00245,Gujarat,Ahmedabad,23.031427,72.536875,SBI,32
ATM_00246,Gujarat,Rajkot,22.307854,70.81984,Canara Bank,44
ATM_00247,Gujarat,Surat,21.18973,72.842433,Bank of Baroda,43
ATM_00248,Gujarat,Vadodara,22.250296,73.261173,Axis Bank,36
ATM_00249,Gujarat,Ahmedabad,23.048683,72.592847,SBI,32
ATM_00250,Gujarat,Ahmedabad,23.047932,72.454315,Bank of Baroda,32
ATM_00251,Gujarat,Ahmedabad,23.027619,72.604558,SBI,32
ATM_00252,Gujarat,Surat,21.25644,72.796745,Axis Bank,43
ATM_00253,Gujarat,Surat,21.204709,72.775988,Axis Bank,43
ATM_00254,Gujarat,Rajkot,22.22244,70.775078,IndusInd Bank,44
ATM_00255,Gujarat,Rajkot,22.296121,70.845605,PNB,44
ATM_00256,Gujarat,Rajkot,22.29213,70.804742,ICICI Bank,44
ATM_00257,Gujarat,Surat,21.187618,72.779185,SBI,43
ATM_00258,Gujarat,Rajkot,22.324952,70.81098,Axis Bank,44
ATM_00259,Gujarat,Rajkot,22.267696,70.720834,Axis Bank,44
ATM_00260,Gujarat,Vadodara,22.284157,73.24424,Union Bank,36
ATM_00261,Gujarat,Vadodara,22.316136,73.203222,Bank of Baroda,36
ATM_00262,Gujarat,Rajkot,22.30589,70.765789,Axis Bank,44
ATM_00263,Gujarat,Vadodara,22.355281,73.18561,Bank of Baroda,36
ATM_00264,Gujarat,Rajkot,22.341984,70.816559,PNB,44
ATM_00265,Gujarat,Surat,21.138958,72.788679,Union Bank,43
ATM_00266,Gujarat,Surat,21.121799,72.841193,HDFC Bank,43
ATM_00267,Gujarat,Surat,21.127722,72.889652,HDFC Bank,43
ATM_00268,Gujarat,Vadodara,22.279472,73.142913,IndusInd Bank,36
ATM_00269,Gujarat,Surat,21.193048,72.858235,Union Bank,43
ATM_00270,Gujarat,Rajkot,22.30468,70.796719,Union Bank,44
ATM_00271,Gujarat,Surat,21.171856,72.838885,Axis Bank,43
ATM_00272,Gujarat,Vadodara,22.299241,73.185286,PNB,36
ATM_00273,Gujarat,Surat,21.150661,72.866668,SBI,43
ATM_00274,Gujarat,Vadodara,22.302787,73.151983,Union Bank,36
ATM_00275,Gujarat,Vadodara,22.317743,73.187991,Kotak Mahindra Bank,36
ATM_00276,Gujarat,Rajkot,22.375127,70.760643,Axis Bank,44
ATM_00277,Gujarat,Ahmedabad,22.98623,72.508685,IndusInd Bank,32
ATM_00278,Gujarat,Rajkot,22.356355,70.755554,SBI,44
ATM_00279,Gujarat,Rajkot,22.315001,70.851006,PNB,44
ATM_00280,Gujarat,Rajkot,22.339421,70.82958,Axis Bank,44
ATM_00281,Gujarat,Surat,21.03233,72.773586,ICICI Bank,43
ATM_00282,Gujarat,Surat,21.182663,72.851735,Kotak Mahindra Bank,43
ATM_00283,Gujarat,Surat,21.221567,72.885222,HDFC Bank,43
ATM_00284,Gujarat,Ahmedabad,23.008725,72.54934,SBI,32
ATM_00285,Gujarat,Rajkot,22.315664,70.839388,IndusInd Bank,44
ATM_00286,Gujarat,Rajkot,22.322124,70.902747,ICICI Bank,44
ATM_00287,Gujarat,Rajkot,22.327152,70.702324,Axis Bank,44
ATM_00288,Gujarat,Surat,21.168688,72.808981,HDFC Bank,43
ATM_00289,Gujarat,Rajkot,22.295347,70.709736,PNB,44
ATM_00290,Gujarat,Vadodara,22.340926,73.210519,HDFC Bank,36
ATM_00291,Gujarat,Vadodara,22.32178,73.235617,PNB,36
ATM_00292,Gujarat,Rajkot,22.370504,70.852573,Bank of Baroda,44
ATM_00293,Gujarat,Rajkot,22.375581,70.786239,Union Bank,44
ATM_00294,Gujarat,Ahmedabad,23.058065,72.502421,Kotak Mahindra Bank,32
ATM_00295,Gujarat,Surat,21.168175,72.742862,Bank of Baroda,43
ATM_00296,Gujarat,Ahmedabad,23.014252,72.542411,SBI,32
ATM_00297,Gujarat,Rajkot,22.329819,70.763233,Canara Bank,44
ATM_00298,Gujarat,Surat,21.241105,72.754475,SBI,43
ATM_00299,Gujarat,Vadodara,22.202481,73.097446,Bank of Baroda,36
ATM_00300,Gujarat,Ahmedabad,22.996542,72.570642,Axis Bank,32
ATM_00301,Gujarat,Rajkot,22.260789,70.75796,Union Bank,44
ATM_00302,Gujarat,Rajkot,22.337186,70.83907,PNB,44
ATM_00303,Gujarat,Vadodara,22.289058,73.205551,ICICI Bank,36
ATM_00304,Gujarat,Rajkot,22.217653,70.745526,HDFC Bank,44
ATM_00305,Gujarat,Surat,21.229713,72.860888,HDFC Bank,43
ATM_00306,Gujarat,Rajkot,22.305542,70.710777,Kotak Mahindra Bank,44
ATM_00307,Gujarat,Ahmedabad,23.020888,72.566887,Union Bank,32
ATM_00308,Gujarat,Ahmedabad,23.022399,72.608089,PNB,32
ATM_00309,Gujarat,Ahmedabad,22.923836,72.546737,Canara Bank,32
ATM_00310,Gujarat,Rajkot,22.345274,70.870677,Canara Bank,44
ATM_00311,Gujarat,Surat,21.20642,72.836668,Canara Bank,43
ATM_00312,Gujarat,Surat,21.250403,72.821479,Canara Bank,43
ATM_00313,Gujarat,Rajkot,22.279511,70.853872,Axis Bank,44
ATM_00314,Gujarat,Rajkot,22.26496,70.729213,ICICI Bank,44
ATM_00315,Gujarat,Vadodara,22.30515,73.15928,Bank of Baroda,36
ATM_00316,Gujarat,Surat,21.150687,72.737274,Kotak Mahindra Bank,43
ATM_00317,Gujarat,Vadodara,22.323353,73.183273,Kotak Mahindra Bank,36
ATM_00318,Gujarat,Vadodara,22.225767,73.202321,PNB,36
ATM_00319,Gujarat,Vadodara,22.270488,73.13783,PNB,36
ATM_00320,Gujarat,Rajkot,22.32461,70.846946,PNB,44
ATM_00321,Gujarat,Ahmedabad,23.043642,72.603485,IndusInd Bank,32
ATM_00322,Gujarat,Vadodara,22.28273,73.244709,HDFC Bank,36
ATM_00323,Gujarat,Surat,21.207423,72.771211,Kotak Mahindra Bank,43
ATM_00324,Gujarat,Surat,21.169859,72.872967,PNB,43
ATM_00325,Gujarat,Surat,21.145359,72.824119,HDFC Bank,43
ATM_00326,Gujarat,Ahmedabad,23.019994,72.57164,IndusInd Bank,32
ATM_00327,Gujarat,Rajkot,22.330389,70.798244,Canara Bank,44
ATM_00328,Gujarat,Surat,21.183304,72.93877,HDFC Bank,43
ATM_00329,Gujarat,Vadodara,22.319267,73.138426,IndusInd Bank,36
ATM_00330,Gujarat,Surat,21.151185,72.836446,Union Bank,43
ATM_00331,Gujarat,Ahmedabad,23.001603,72.593234,Axis Bank,32
ATM_00332,Gujarat,Surat,21.225679,72.821128,Kotak Mahindra Bank,43
ATM_00333,Gujarat,Rajkot,22.361808,70.716261,SBI,44
ATM_00334,Gujarat,Vadodara,22.329487,73.187753,Canara Bank,36
ATM_00335,Gujarat,Vadodara,22.316689,73.17327,IndusInd Bank,36
ATM_00336,Gujarat,Ahmedabad,23.019135,72.520091,SBI,32
ATM_00337,Gujarat,Rajkot,22.311807,70.860247,HDFC Bank,44
ATM_00338,Gujarat,Surat,21.253057,72.774201,Axis Bank,43
ATM_00339,Gujarat,Rajkot,22.261401,70.791618,Axis Bank,44
ATM_00340,Gujarat,Surat,21.216078,72.883304,ICICI Bank,43
ATM_00341,Gujarat,Surat,21.097342,72.836224,SBI,43
ATM_00342,Gujarat,Vadodara,22.275949,73.108437,SBI,36
ATM_00343,Gujarat,Ahmedabad,23.059657,72.606045,ICICI Bank,32
ATM_00344,Gujarat,Vadodara,22.332216,73.160329,Axis Bank,36
ATM_00345,Gujarat,Rajkot,22.321215,70.806451,ICICI Bank,44
ATM_00346,Gujarat,Vadodara,22.271839,73.157967,Union Bank,36
ATM_00347,Gujarat,Vadodara,22.295517,73.224841,HDFC Bank,36
ATM_00348,Gujarat,Rajkot,22.316425,70.740278,Bank of Baroda,44
ATM_00349,Gujarat,Ahmedabad,22.956689,72.606494,HDFC Bank,32
ATM_00350,Gujarat,Surat,21.170613,72.825868,HDFC Bank,43
ATM_00351,Gujarat,Surat,21.213872,72.786294,IndusInd Bank,43
ATM_00352,Gujarat,Surat,21.162646,72.880423,Axis Bank,43
ATM_00353,Gujarat,Vadodara,22.342579,73.225119,PNB,36
ATM_00354,Gujarat,Rajkot,22.301154,70.807877,IndusInd Bank,44
ATM_00355,Gujarat,Surat,21.121327,72.774518,Axis Bank,43
ATM_00356,Gujarat,Vadodara,22.258887,73.095923,Axis Bank,36
ATM_00357,Gujarat,Vadodara,22.320951,73.221421,ICICI Bank,36
ATM_00358,Gujarat,Ahmedabad,23.004626,72.55644,HDFC Bank,32
ATM_00359,Gujarat,Rajkot,22.347948,70.805738,HDFC Bank,44
ATM_00360,Gujarat,Surat,21.1518,72.832953,Bank of Baroda,43
ATM_00361,Gujarat,Ahmedabad,23.02245,72.470823,Union Bank,32
ATM_00362,Gujarat,Surat,21.13771,72.841193,SBI,43
ATM_00363,Gujarat,Rajkot,22.243131,70.788176,PNB,44
ATM_00364,Gujarat,Surat,21.090687,72.895073,ICICI Bank,43
ATM_00365,Gujarat,Surat,21.164255,72.841322,ICICI Bank,43
ATM_00366,Gujarat,Vadodara,22.293944,73.067976,Axis Bank,36
ATM_00367,Gujarat,Rajkot,22.246791,70.800965,Kotak Mahindra Bank,44
ATM_00368,Gujarat,Ahmedabad,23.113913,72.569939,Union Bank,32
ATM_00369,Gujarat,Surat,21.134908,72.825473,Bank of Baroda,43
ATM_00370,Gujarat,Ahmedabad,22.963039,72.551282,Union Bank,32
ATM_00371,Gujarat,Ahmedabad,23.019843,72.67896,ICICI Bank,32
ATM_00372,Gujarat,Surat,21.226406,72.862046,SBI,43
ATM_00373,Gujarat,Ahmedabad,23.010332,72.604683,Canara Bank,32
ATM_00374,Gujarat,Rajkot,22.275507,70.849774,ICICI Bank,44
ATM_00375,Gujarat,Vadodara,22.282689,73.214308,ICICI Bank,36
ATM_00376,Gujarat,Vadodara,22.323271,73.230321,Axis Bank,36
ATM_00377,Gujarat,Ahmedabad,23.017144,72.531359,Bank of Baroda,32
ATM_00378,Gujarat,Rajkot,22.36796,70.847014,Axis Bank,44
ATM_00379,Gujarat,Ahmedabad,23.001147,72.541167,Bank of Baroda,32
ATM_00380,Gujarat,Ahmedabad,23.022686,72.582942,Union Bank,32
ATM_00381,Gujarat,Ahmedabad,23.057181,72.628443,Union Bank,32
ATM_00382,Gujarat,Surat,21.120304,72.841426,HDFC Bank,43
ATM_00383,Gujarat,Rajkot,22.347523,70.857917,HDFC Bank,44
ATM_00384,Gujarat,Surat,21.140658,72.921696,IndusInd Bank,43
ATM_00385,Gujarat,Vadodara,22.30921,73.215326,SBI,36
ATM_00386,Gujarat,Rajkot,22.338979,70.815128,Union Bank,44
ATM_00387,Gujarat,Ahmedabad,23.030848,72.602344,Canara Bank,32
ATM_00388,Gujarat,Rajkot,22.320537,70.832279,IndusInd Bank,44
ATM_00389,Gujarat,Vadodara,22.355156,73.205385,Axis Bank,36
ATM_00390,Haryana,Hisar,29.1313,75.738455,ICICI Bank,24
ATM_00391,Haryana,Hisar,29.168032,75.715669,Canara Bank,24
ATM_00392,Haryana,Panipat,29.388579,76.9881,HDFC Bank,29
ATM_00393,Haryana,Panipat,29.349603,76.910023,IndusInd Bank,29
ATM_00394,Haryana,Gurugram,28.498339,77.03457,IndusInd Bank,31
ATM_00395,Haryana,Faridabad,28.439954,77.256243,PNB,29
ATM_00396,Haryana,Faridabad,28.412781,77.264673,HDFC Bank,29
ATM_00397,Haryana,Panipat,29.365085,77.015857,Union Bank,29
ATM_00398,Haryana,Gurugram,28.50544,77.001924,ICICI Bank,31
ATM_00399,Haryana,Faridabad,28.349638,77.372172,Axis Bank,29
ATM_00400,Haryana,Hisar,29.160679,75.695061,Bank of Baroda,24
ATM_00401,Haryana,Hisar,29.129001,75.789644,SBI,24
ATM_00402,Haryana,Faridabad,28.449812,77.265978,ICICI Bank,29
ATM_00403,Haryana,Hisar,29.111229,75.660956,Union Bank,24
ATM_00404,Haryana,Gurugram,28.442833,77.04199,IndusInd Bank,31
ATM_00405,Haryana,Hisar,29.164073,75.794236,ICICI Bank,24
ATM_00406,Haryana,Hisar,29.197865,75.707019,Union Bank,24
ATM_00407,Haryana,Gurugram,28.425016,77.008613,Bank of Baroda,31
ATM_00408,Haryana,Faridabad,28.347751,77.366097,PNB,29
ATM_00409,Haryana,Gurugram,28.433265,77.054517,Kotak Mahindra Bank,31
ATM_00410,Haryana,Panipat,29.433174,77.00742,Bank of Baroda,29
ATM_00411,Haryana,Hisar,29.126422,75.750843,PNB,24
ATM_00412,Haryana,Gurugram,28.510587,77.061425,Union Bank,31
ATM_00413,Haryana,Faridabad,28.435236,77.320686,PNB,29
ATM_00414,Haryana,Hisar,29.151729,75.709038,Canara Bank,24
ATM_00415,Haryana,Panipat,29.46684,76.998696,SBI,29
ATM_00416,Haryana,Panipat,29.393822,76.982415,SBI,29
ATM_00417,Haryana,Panipat,29.367301,76.917619,SBI,29
ATM_00418,Haryana,Gurugram,28.401817,77.02795,SBI,31
ATM_00419,Haryana,Gurugram,28.433225,77.026227,Canara Bank,31
ATM_00420,Haryana,Gurugram,28.47412,77.111127,SBI,31
ATM_00421,Haryana,Gurugram,28.436512,76.978283,Canara Bank,31
ATM_00422,Haryana,Faridabad,28.39719,77.234179,PNB,29
ATM_00423,Haryana,Gurugram,28.403357,77.058535,Kotak Mahindra Bank,31
ATM_00424,Haryana,Hisar,29.05819,75.727523,Kotak Mahindra Bank,24
ATM_00425,Haryana,Hisar,29.204478,75.72206,Bank of Baroda,24
ATM_00426,Haryana,Panipat,29.414529,77.047971,Canara Bank,29
ATM_00427,Haryana,Gurugram,28.464008,77.013816,PNB,31
ATM_00428,Haryana,Panipat,29.376099,76.94454,HDFC Bank,29
ATM_00429,Haryana,Panipat,29.423355,77.029281,Union Bank,29
ATM_00430,Haryana,Panipat,29.327331,76.904324,Kotak Mahindra Bank,29
ATM_00431,Haryana,Faridabad,28.451038,77.248262,Kotak Mahindra Bank,29
ATM_00432,Haryana,Panipat,29.380873,77.014708,Canara Bank,29
ATM_00433,Haryana,Hisar,29.197862,75.754681,Kotak Mahindra Bank,24
ATM_00434,Haryana,Faridabad,28.419765,77.382637,Axis Bank,29
ATM_00435,Haryana,Panipat,29.450396,76.992113,Bank of Baroda,29
ATM_00436,Haryana,Faridabad,28.362252,77.340782,Kotak Mahindra Bank,29
ATM_00437,Haryana,Panipat,29.388196,76.964066,ICICI Bank,29
ATM_00438,Haryana,Panipat,29.461469,76.980813,HDFC Bank,29
ATM_00439,Haryana,Faridabad,28.424737,77.339006,Axis Bank,29
ATM_00440,Haryana,Faridabad,28.42474,77.310869,Canara Bank,29
ATM_00441,Haryana,Panipat,29.41648,76.930079,PNB,29
ATM_00442,Haryana,Panipat,29.409339,76.989654,ICICI Bank,29
ATM_00443,Haryana,Faridabad,28.484347,77.350081,ICICI Bank,29
ATM_00444,Haryana,Panipat,29.387641,76.936123,HDFC Bank,29
ATM_00445,Haryana,Faridabad,28.501355,77.32133,Bank of Baroda,29
ATM_00446,Haryana,Gurugram,28.434885,77.024368,Axis Bank,31
ATM_00447,Haryana,Gurugram,28.433799,76.946728,HDFC Bank,31
ATM_00448,Haryana,Faridabad,28.445175,77.24365,Axis Bank,29
ATM_00449,Haryana,Panipat,29.370045,76.880127,SBI,29
ATM_00450,Haryana,Gurugram,28.431259,76.986846,Canara Bank,31
ATM_00451,Haryana,Hisar,29.177586,75.754409,Kotak Mahindra Bank,24
ATM_00452,Haryana,Gurugram,28.519637,77.03728,Bank of Baroda,31
ATM_00453,Haryana,Gurugram,28.393021,77.090639,IndusInd Bank,31
ATM_00454,Haryana,Hisar,29.181559,75.749748,Bank of Baroda,24
ATM_00455,Haryana,Hisar,29.16731,75.702374,Kotak Mahindra Bank,24
ATM_00456,Haryana,Faridabad,28.415059,77.339755,Axis Bank,29
ATM_00457,Haryana,Faridabad,28.436388,77.286888,ICICI Bank,29
ATM_00458,Haryana,Faridabad,28.42095,77.263228,IndusInd Bank,29
ATM_00459,Haryana,Gurugram,28.399997,77.084326,IndusInd Bank,31
ATM_00460,Haryana,Panipat,29.350781,76.930154,HDFC Bank,29
ATM_00461,Haryana,Gurugram,28.446979,77.04777,Canara Bank,31
ATM_00462,Haryana,Panipat,29.410922,76.983988,HDFC Bank,29
ATM_00463,Haryana,Hisar,29.211615,75.731981,HDFC Bank,24
ATM_00464,Haryana,Hisar,29.132334,75.724895,Kotak Mahindra Bank,24
ATM_00465,Haryana,Gurugram,28.425407,76.949722,Axis Bank,31
ATM_00466,Haryana,Gurugram,28.517971,77.013909,Bank of Baroda,31
ATM_00467,Haryana,Gurugram,28.452983,76.969367,Canara Bank,31
ATM_00468,Haryana,Hisar,29.146273,75.774339,Axis Bank,24
ATM_00469,Haryana,Gurugram,28.478416,77.051174,Bank of Baroda,31
ATM_00470,Haryana,Gurugram,28.47638,76.943241,Canara Bank,31
ATM_00471,Haryana,Gurugram,28.539655,77.004421,SBI,31
ATM_00472,Haryana,Faridabad,28.436804,77.243118,IndusInd Bank,29
ATM_00473,Haryana,Faridabad,28.42245,77.362031,PNB,29
ATM_00474,Haryana,Faridabad,28.395181,77.294092,HDFC Bank,29
ATM_00475,Haryana,Panipat,29.377386,77.006646,Kotak Mahindra Bank,29
ATM_00476,Haryana,Hisar,29.159595,75.732288,PNB,24
ATM_00477,Haryana,Faridabad,28.421581,77.343817,PNB,29
ATM_00478,Haryana,Panipat,29.474171,76.96737,SBI,29
ATM_00479,Haryana,Hisar,29.115809,75.660779,HDFC Bank,24
ATM_00480,Haryana,Hisar,29.166967,75.66704,ICICI Bank,24
ATM_00481,Haryana,Gurugram,28.484829,77.027389,Axis Bank,31
ATM_00482,Haryana,Panipat,29.340357,76.97788,HDFC Bank,29
ATM_00483,Haryana,Panipat,29.356896,76.966026,ICICI Bank,29
ATM_00484,Haryana,Gurugram,28.354211,76.979064,ICICI Bank,31
ATM_00485,Haryana,Gurugram,28.38668,77.136684,SBI,31
ATM_00486,Haryana,Faridabad,28.387491,77.258381,ICICI Bank,29
ATM_00487,Haryana,Hisar,29.163739,75.707474,HDFC Bank,24
ATM_00488,Haryana,Faridabad,28.34436,77.283801,Union Bank,29
ATM_00489,Haryana,Panipat,29.444888,76.984638,Canara Bank,29
ATM_00490,Haryana,Gurugram,28.491136,77.082267,Axis Bank,31
ATM_00491,Haryana,Panipat,29.498174,76.960521,IndusInd Bank,29
ATM_00492,Haryana,Gurugram,28.422201,77.085529,PNB,31
ATM_00493,Haryana,Faridabad,28.361901,77.289988,IndusInd Bank,29
ATM_00494,Haryana,Hisar,29.162525,75.735772,IndusInd Bank,24
ATM_00495,Haryana,Faridabad,28.347351,77.281534,Canara Bank,29
ATM_00496,Haryana,Faridabad,28.362365,77.304079,PNB,29
ATM_00497,Haryana,Panipat,29.334501,76.974894,Kotak Mahindra Bank,29
ATM_00498,Haryana,Faridabad,28.430036,77.280089,ICICI Bank,29
ATM_00499,Haryana,Panipat,29.385813,77.031392,IndusInd Bank,29
ATM_00500,Haryana,Hisar,29.079788,75.681767,PNB,24
ATM_00501,Haryana,Faridabad,28.388126,77.344227,IndusInd Bank,29
ATM_00502,Haryana,Gurugram,28.451681,77.030748,Bank of Baroda,31
ATM_00503,Jharkhand,Jamshedpur,22.779121,86.194934,Axis Bank,4
ATM_00504,Jharkhand,Dhanbad,23.812608,86.469362,Bank of Baroda,8
ATM_00505,Jharkhand,Dhanbad,23.767422,86.438564,Bank of Baroda,8
ATM_00506,Jharkhand,Dhanbad,23.788621,86.423187,SBI,8
ATM_00507,Jharkhand,Dhanbad,23.772751,86.480245,Union Bank,8
ATM_00508,Jharkhand,Dhanbad,23.718469,86.410541,Canara Bank,8
ATM_00509,Jharkhand,Ranchi,23.264692,85.334366,SBI,2
ATM_00510,Jharkhand,Dhanbad,23.878969,86.414574,HDFC Bank,8
ATM_00511,Jharkhand,Ranchi,23.369233,85.280675,HDFC Bank,2
ATM_00512,Jharkhand,Jamshedpur,22.771589,86.173848,PNB,4
ATM_00513,Jharkhand,Dhanbad,23.782006,86.420776,Axis Bank,8
ATM_00514,Jharkhand,Dhanbad,23.76829,86.492629,IndusInd Bank,8
ATM_00515,Jharkhand,Jamshedpur,22.817431,86.185772,PNB,4
ATM_00516,Jharkhand,Jamshedpur,22.786784,86.268353,Kotak Mahindra Bank,4
ATM_00517,Karnataka,Bengaluru Urban,13.018959,77.615121,Kotak Mahindra Bank,16
ATM_00518,Karnataka,Mangaluru,12.862908,74.809908,ICICI Bank,19
ATM_00519,Karnataka,Mangaluru,12.874378,74.822421,IndusInd Bank,19
ATM_00520,Karnataka,Belagavi,15.903903,74.501265,ICICI Bank,14
ATM_00521,Karnataka,Belagavi,15.816959,74.593175,IndusInd Bank,14
ATM_00522,Karnataka,Mangaluru,12.926848,74.782227,Kotak Mahindra Bank,19
ATM_00523,Karnataka,Bengaluru Urban,13.03413,77.583021,IndusInd Bank,16
ATM_00524,Karnataka,Bengaluru Urban,12.996524,77.588612,PNB,16
ATM_00525,Karnataka,Hubballi,15.437734,75.148413,Axis Bank,14
ATM_00526,Karnataka,Bengaluru Urban,12.941523,77.635321,Union Bank,16
ATM_00527,Karnataka,Hubballi,15.373896,75.134175,SBI,14
ATM_00528,Karnataka,Mysuru,12.305796,76.638187,IndusInd Bank,11
ATM_00529,Karnataka,Mangaluru,12.935807,74.773357,SBI,19
ATM_00530,Karnataka,Hubballi,15.377832,75.174359,PNB,14
ATM_00531,Karnataka,Bengaluru Urban,13.023709,77.586315,ICICI Bank,16
ATM_00532,Karnataka,Hubballi,15.399178,75.113223,Kotak Mahindra Bank,14
ATM_00533,Karnataka,Mangaluru,12.895635,74.932154,Axis Bank,19
ATM_00534,Karnataka,Bengaluru Urban,12.932644,77.65226,Axis Bank,16
ATM_00535,Karnataka,Mangaluru,12.894148,74.905326,SBI,19
ATM_00536,Karnataka,Mangaluru,12.929231,74.748988,Axis Bank,19
ATM_00537,Karnataka,Mysuru,12.293432,76.666987,SBI,11
ATM_00538,Karnataka,Mangaluru,12.919341,74.814005,HDFC Bank,19
ATM_00539,Karnataka,Hubballi,15.311065,75.192785,PNB,14
ATM_00540,Karnataka,Bengaluru Urban,12.960356,77.502863,Kotak Mahindra Bank,16
ATM_00541,Karnataka,Bengaluru Urban,12.870117,77.612921,Kotak Mahindra Bank,16
ATM_00542,Karnataka,Mysuru,12.262019,76.677377,SBI,11
ATM_00543,Karnataka,Mangaluru,12.887263,74.757612,HDFC Bank,19
ATM_00544,Karnataka,Belagavi,15.823155,74.446566,Bank of Baroda,14
ATM_00545,Karnataka,Belagavi,15.790103,74.585214,Union Bank,14
ATM_00546,Karnataka,Belagavi,15.877195,74.424395,PNB,14
ATM_00547,Karnataka,Mysuru,12.307063,76.642369,Kotak Mahindra Bank,11
ATM_00548,Karnataka,Hubballi,15.434319,75.120295,Bank of Baroda,14
ATM_00549,Karnataka,Mangaluru,12.908018,74.889589,HDFC Bank,19
ATM_00550,Karnataka,Belagavi,15.910818,74.549735,Union Bank,14
ATM_00551,Karnataka,Hubballi,15.302127,75.115507,Union Bank,14
ATM_00552,Karnataka,Hubballi,15.450558,75.162154,HDFC Bank,14
ATM_00553,Karnataka,Hubballi,15.363028,75.078088,IndusInd Bank,14
ATM_00554,Karnataka,Mysuru,12.261211,76.62829,ICICI Bank,11
ATM_00555,Karnataka,Bengaluru Urban,12.945691,77.604145,ICICI Bank,16
ATM_00556,Karnataka,Mangaluru,12.913559,74.841828,Axis Bank,19
ATM_00557,Karnataka,Belagavi,15.819174,74.520767,Bank of Baroda,14
ATM_00558,Karnataka,Bengaluru Urban,12.990997,77.604922,PNB,16
ATM_00559,Karnataka,Mangaluru,12.99328,74.815343,ICICI Bank,19
ATM_00560,Karnataka,Hubballi,15.375519,75.10149,IndusInd Bank,14
ATM_00561,Karnataka,Bengaluru Urban,13.00533,77.549238,Kotak Mahindra Bank,16
ATM_00562,Karnataka,Mangaluru,12.918208,74.898958,Bank of Baroda,19
ATM_00563,Karnataka,Mysuru,12.248269,76.653726,Kotak Mahindra Bank,11
ATM_00564,Karnataka,Hubballi,15.333013,75.188416,Canara Bank,14
ATM_00565,Karnataka,Bengaluru Urban,12.930445,77.608132,Bank of Baroda,16
ATM_00566,Karnataka,Mysuru,12.321212,76.640354,Kotak Mahindra Bank,11
ATM_00567,Karnataka,Mangaluru,12.88312,74.872126,HDFC Bank,19
ATM_00568,Karnataka,Belagavi,15.878687,74.464667,Axis Bank,14
ATM_00569,Karnataka,Mangaluru,12.942997,74.876067,HDFC Bank,19
ATM_00570,Karnataka,Hubballi,15.324289,75.014275,Union Bank,14
ATM_00571,Karnataka,Bengaluru Urban,12.958315,77.615643,Bank of Baroda,16
ATM_00572,Karnataka,Belagavi,15.860503,74.484528,SBI,14
ATM_00573,Karnataka,Belagavi,15.883117,74.499686,Axis Bank,14
ATM_00574,Karnataka,Hubballi,15.313392,75.104555,SBI,14
ATM_00575,Karnataka,Bengaluru Urban,12.845044,77.549477,Axis Bank,16
ATM_00576,Karnataka,Mangaluru,12.996878,74.873485,ICICI Bank,19
ATM_00577,Karnataka,Mysuru,12.25546,76.586399,Kotak Mahindra Bank,11
ATM_00578,Karnataka,Mangaluru,12.982479,74.828391,Bank of Baroda,19
ATM_00579,Karnataka,Bengaluru Urban,12.979251,77.583969,Bank of Baroda,16
ATM_00580,Karnataka,Hubballi,15.325658,75.127172,SBI,14
ATM_00581,Karnataka,Mangaluru,13.027532,74.895856,Axis Bank,19
ATM_00582,Karnataka,Mysuru,12.275724,76.66452,HDFC Bank,11
ATM_00583,Karnataka,Belagavi,15.800407,74.570335,HDFC Bank,14
ATM_00584,Karnataka,Mangaluru,12.846581,74.847225,Kotak Mahindra Bank,19
ATM_00585,Karnataka,Belagavi,15.865945,74.529929,PNB,14
ATM_00586,Karnataka,Mysuru,12.307876,76.67204,Union Bank,11
ATM_00587,Karnataka,Belagavi,15.82446,74.547624,Union Bank,14
ATM_00588,Karnataka,Belagavi,15.856666,74.374147,SBI,14
ATM_00589,Karnataka,Mysuru,12.248206,76.654018,Axis Bank,11
ATM_00590,Karnataka,Bengaluru Urban,12.971434,77.559449,Kotak Mahindra Bank,16
ATM_00591,Kerala,Kozhikode,11.255273,75.77194,PNB,12
ATM_00592,Kerala,Thiruvananthapuram,8.535365,76.959337,Bank of Baroda,8
ATM_00593,Kerala,Kozhikode,11.234215,75.788463,ICICI Bank,12
ATM_00594,Kerala,Kozhikode,11.306489,75.712985,Kotak Mahindra Bank,12
ATM_00595,Kerala,Kochi,9.920534,76.299475,Bank of Baroda,11
ATM_00596,Kerala,Kozhikode,11.220541,75.794492,Bank of Baroda,12
ATM_00597,Kerala,Thiruvananthapuram,8.446446,76.796628,Canara Bank,8
ATM_00598,Kerala,Kochi,9.951503,76.247164,Union Bank,11
ATM_00599,Kerala,Thiruvananthapuram,8.464322,77.025564,Axis Bank,8
ATM_00600,Kerala,Thiruvananthapuram,8.522311,76.944467,ICICI Bank,8
ATM_00601,Kerala,Kochi,9.900946,76.333438,SBI,11
ATM_00602,Kerala,Kochi,9.846157,76.208095,Canara Bank,11
ATM_00603,Kerala,Kochi,9.885391,76.321319,ICICI Bank,11
ATM_00604,Kerala,Kochi,9.970268,76.307907,SBI,11
ATM_00605,Kerala,Kozhikode,11.17951,75.76984,Kotak Mahindra Bank,12
ATM_00606,Kerala,Kozhikode,11.285588,75.810383,ICICI Bank,12
ATM_00607,Kerala,Thiruvananthapuram,8.528406,76.883161,HDFC Bank,8
ATM_00608,Kerala,Kozhikode,11.284828,75.803935,Bank of Baroda,12
ATM_00609,Kerala,Kochi,9.915505,76.277473,Bank of Baroda,11
ATM_00610,Kerala,Kozhikode,11.221288,75.741932,Union Bank,12
ATM_00611,Kerala,Kochi,9.934377,76.26846,Kotak Mahindra Bank,11
ATM_00612,Kerala,Kochi,9.926932,76.232407,SBI,11
ATM_00613,Kerala,Kozhikode,11.25649,75.793054,HDFC Bank,12
ATM_00614,Kerala,Thiruvananthapuram,8.574615,76.990419,IndusInd Bank,8
ATM_00615,Kerala,Kozhikode,11.282934,75.763037,HDFC Bank,12
ATM_00616,Kerala,Kozhikode,11.235327,75.768501,HDFC Bank,12
ATM_00617,Kerala,Thiruvananthapuram,8.562089,76.987449,PNB,8
ATM_00618,Kerala,Kochi,9.835575,76.2947,HDFC Bank,11
ATM_00619,Kerala,Thiruvananthapuram,8.529763,76.918174,Bank of Baroda,8
ATM_00620,Kerala,Kochi,9.807953,76.247214,Axis Bank,11
ATM_00621,Kerala,Kozhikode,11.267612,75.703381,ICICI Bank,12
ATM_00622,Madhya Pradesh,Gwalior,26.255526,78.112583,Kotak Mahindra Bank,16
ATM_00623,Madhya Pradesh,Jabalpur,23.216631,79.988638,Union Bank,9
ATM_00624,Madhya Pradesh,Gwalior,26.146721,78.108481,SBI,16
ATM_00625,Madhya Pradesh,Indore,22.794949,75.873521,Bank of Baroda,13
ATM_00626,Madhya Pradesh,Gwalior,26.267509,78.164772,Axis Bank,16
ATM_00627,Madhya Pradesh,Bhopal,23.175016,77.464884,Canara Bank,12
ATM_00628,Madhya Pradesh,Indore,22.684898,75.783387,Bank of Baroda,13
ATM_00629,Madhya Pradesh,Gwalior,26.280057,78.223471,Axis Bank,16
ATM_00630,Madhya Pradesh,Jabalpur,23.148618,79.987803,SBI,9
ATM_00631,Madhya Pradesh,Bhopal,23.295981,77.368663,Canara Bank,12
ATM_00632,Madhya Pradesh,Bhopal,23.314798,77.391083,Canara Bank,12
ATM_00633,Madhya Pradesh,Bhopal,23.263048,77.450753,PNB,12
ATM_00634,Madhya Pradesh,Indore,22.778313,75.813787,IndusInd Bank,13
ATM_00635,Madhya Pradesh,Gwalior,26.218247,78.205716,Bank of Baroda,16
ATM_00636,Madhya Pradesh,Indore,22.791879,75.904606,HDFC Bank,13
ATM_00637,Madhya Pradesh,Bhopal,23.287296,77.40414,IndusInd Bank,12
ATM_00638,Madhya Pradesh,Gwalior,26.209307,78.150949,PNB,16
ATM_00639,Madhya Pradesh,Indore,22.786278,75.879293,ICICI Bank,13
ATM_00640,Madhya Pradesh,Gwalior,26.15678,78.158521,Kotak Mahindra Bank,16
ATM_00641,Madhya Pradesh,Jabalpur,23.052367,79.964588,Kotak Mahindra Bank,9
ATM_00642,Madhya Pradesh,Gwalior,26.159619,78.256025,Kotak Mahindra Bank,16
ATM_00643,Madhya Pradesh,Gwalior,26.240572,78.154715,Union Bank,16
ATM_00644,Madhya Pradesh,Gwalior,26.186862,78.097777,PNB,16
ATM_00645,Madhya Pradesh,Jabalpur,23.138458,80.079089,PNB,9
ATM_00646,Madhya Pradesh,Gwalior,26.214707,78.180086,Axis Bank,16
ATM_00647,Madhya Pradesh,Jabalpur,23.186458,79.939384,Axis Bank,9
ATM_00648,Madhya Pradesh,Indore,22.722808,75.804971,SBI,13
ATM_00649,Madhya Pradesh,Jabalpur,23.107197,79.975827,Bank of Baroda,9
ATM_00650,Madhya Pradesh,Indore,22.694876,75.838034,Canara Bank,13
ATM_00651,Madhya Pradesh,Jabalpur,23.223154,79.897422,ICICI Bank,9
ATM_00652,Madhya Pradesh,Gwalior,26.234821,78.168771,Canara Bank,16
ATM_00653,Madhya Pradesh,Indore,22.679884,75.872813,Canara Bank,13
ATM_00654,Madhya Pradesh,Bhopal,23.307373,77.418924,Kotak Mahindra Bank,12
ATM_00655,Madhya Pradesh,Gwalior,26.295229,78.249325,Union Bank,16
ATM_00656,Madhya Pradesh,Bhopal,23.283444,77.453252,Union Bank,12
ATM_00657,Madhya Pradesh,Bhopal,23.293229,77.378709,Bank of Baroda,12
ATM_00658,Madhya Pradesh,Indore,22.725149,75.836511,ICICI Bank,13
ATM_00659,Madhya Pradesh,Gwalior,26.231729,78.19987,Kotak Mahindra Bank,16
ATM_00660,Madhya Pradesh,Bhopal,23.275152,77.521836,IndusInd Bank,12
ATM_00661,Madhya Pradesh,Bhopal,23.225413,77.376172,Canara Bank,12
ATM_00662,Madhya Pradesh,Indore,22.780395,75.889788,Bank of Baroda,13
ATM_00663,Madhya Pradesh,Indore,22.753757,75.917544,Kotak Mahindra Bank,13
ATM_00664,Madhya Pradesh,Gwalior,26.219276,78.256053,Bank of Baroda,16
ATM_00665,Madhya Pradesh,Bhopal,23.273568,77.488541,Canara Bank,12
ATM_00666,Madhya Pradesh,Indore,22.728063,75.866721,Kotak Mahindra Bank,13
ATM_00667,Madhya Pradesh,Jabalpur,23.204189,79.985058,ICICI Bank,9
ATM_00668,Madhya Pradesh,Indore,22.63248,75.855109,Axis Bank,13
ATM_00669,Madhya Pradesh,Gwalior,26.231427,78.272564,Axis Bank,16
ATM_00670,Madhya Pradesh,Bhopal,23.256947,77.384518,SBI,12
ATM_00671,Madhya Pradesh,Jabalpur,23.236632,79.956378,Union Bank,9
ATM_00672,Maharashtra,Nashik,19.955623,73.777762,HDFC Bank,28
ATM_00673,Maharashtra,Mumbai,19.103934,72.897385,ICICI Bank,27
ATM_00674,Maharashtra,Nagpur,21.146023,79.098832,Kotak Mahindra Bank,31
ATM_00675,Maharashtra,Mumbai,19.133923,72.853624,PNB,27
ATM_00676,Maharashtra,Aurangabad,19.821715,75.385733,ICICI Bank,34
ATM_00677,Maharashtra,Nagpur,21.150251,79.133488,Canara Bank,31
ATM_00678,Maharashtra,Nashik,19.967141,73.763283,Canara Bank,28
ATM_00679,Maharashtra,Aurangabad,19.873817,75.395578,Axis Bank,34
ATM_00680,Maharashtra,Nashik,19.958334,73.868899,Axis Bank,28
ATM_00681,Maharashtra,Nagpur,21.186265,79.113315,Bank of Baroda,31
ATM_00682,Maharashtra,Pune,18.586856,73.87343,PNB,25
ATM_00683,Maharashtra,Mumbai,19.028246,72.838027,SBI,27
ATM_00684,Maharashtra,Nagpur,21.209562,79.124537,Canara Bank,31
ATM_00685,Maharashtra,Nashik,19.891545,73.780466,Canara Bank,28
ATM_00686,Maharashtra,Pune,18.485815,73.834514,Bank of Baroda,25
ATM_00687,Maharashtra,Nagpur,21.09066,79.0959,SBI,31
ATM_00688,Maharashtra,Aurangabad,19.858052,75.346674,Bank of Baroda,34
ATM_00689,Maharashtra,Thane,19.256499,72.970883,IndusInd Bank,21
ATM_00690,Maharashtra,Mumbai,19.103456,72.875745,ICICI Bank,27
ATM_00691,Maharashtra,Thane,19.163751,72.984066,Axis Bank,21
ATM_00692,Maharashtra,Aurangabad,19.92063,75.358487,Kotak Mahindra Bank,34
ATM_00693,Maharashtra,Aurangabad,19.883587,75.354383,Union Bank,34
ATM_00694,Maharashtra,Nashik,19.93792,73.755006,IndusInd Bank,28
ATM_00695,Maharashtra,Mumbai,19.060538,72.807328,Bank of Baroda,27
ATM_00696,Maharashtra,Aurangabad,19.922389,75.360737,Canara Bank,34
ATM_00697,Maharashtra,Pune,18.555641,73.848267,SBI,25
ATM_00698,Maharashtra,Pune,18.534813,73.84823,ICICI Bank,25
ATM_00699,Maharashtra,Aurangabad,19.893231,75.339342,Canara Bank,34
ATM_00700,Maharashtra,Nashik,19.966353,73.759062,SBI,28
ATM_00701,Maharashtra,Pune,18.541671,73.970775,Union Bank,25
ATM_00702,Maharashtra,Pune,18.32289,73.887031,IndusInd Bank,25
ATM_00703,Maharashtra,Mumbai,18.970251,72.897776,Kotak Mahindra Bank,27
ATM_00704,Maharashtra,Aurangabad,19.954939,75.394131,SBI,34
ATM_00705,Maharashtra,Aurangabad,19.811839,75.378271,Kotak Mahindra Bank,34
ATM_00706,Maharashtra,Mumbai,19.083594,72.894749,Canara Bank,27
ATM_00707,Maharashtra,Thane,19.209922,72.948996,PNB,21
ATM_00708,Maharashtra,Thane,19.195435,72.904039,SBI,21
ATM_00709,Maharashtra,Pune,18.48102,73.811984,Bank of Baroda,25
ATM_00710,Maharashtra,Thane,19.202473,72.965994,ICICI Bank,21
ATM_00711,Maharashtra,Pune,18.437285,73.844163,SBI,25
ATM_00712,Maharashtra,Nashik,20.016882,73.797303,PNB,28
ATM_00713,Maharashtra,Aurangabad,19.865338,75.342944,Kotak Mahindra Bank,34
ATM_00714,Maharashtra,Aurangabad,20.019294,75.350111,ICICI Bank,34
ATM_00715,Maharashtra,Nagpur,21.147254,79.149884,Union Bank,31
ATM_00716,Maharashtra,Mumbai,19.127054,72.912156,Bank of Baroda,27
ATM_00717,Maharashtra,Thane,19.150752,72.94498,IndusInd Bank,21
ATM_00718,Maharashtra,Aurangabad,19.886936,75.305148,PNB,34
ATM_00719,Maharashtra,Aurangabad,19.962932,75.327666,SBI,34
ATM_00720,Maharashtra,Mumbai,19.102331,72.875254,Canara Bank,27
ATM_00721,Maharashtra,Nashik,19.970536,73.777276,PNB,28
ATM_00722,Maharashtra,Thane,19.177256,72.945341,Axis Bank,21
ATM_00723,Maharashtra,Nashik,20.015141,73.89207,ICICI Bank,28
ATM_00724,Maharashtra,Pune,18.570703,73.842709,Canara Bank,25
ATM_00725,Maharashtra,Nashik,20.018492,73.815558,Axis Bank,28
ATM_00726,Maharashtra,Thane,19.233676,72.96088,PNB,21
ATM_00727,Maharashtra,Aurangabad,19.989976,75.325696,Canara Bank,34
ATM_00728,Maharashtra,Thane,19.12926,73.019787,PNB,21
ATM_00729,Maharashtra,Aurangabad,19.897788,75.408058,PNB,34
ATM_00730,Maharashtra,Nashik,20.045785,73.818985,IndusInd Bank,28
ATM_00731,Maharashtra,Thane,19.277486,73.032063,PNB,21
ATM_00732,Maharashtra,Nashik,19.923292,73.776864,SBI,28
ATM_00733,Maharashtra,Aurangabad,19.877212,75.285727,SBI,34
ATM_00734,Maharashtra,Nagpur,21.129501,79.085906,IndusInd Bank,31
ATM_00735,Maharashtra,Nashik,19.986934,73.827092,IndusInd Bank,28
ATM_00736,Maharashtra,Thane,19.238754,72.980413,Bank of Baroda,21
ATM_00737,Maharashtra,Nagpur,21.106858,79.120448,PNB,31
ATM_00738,Maharashtra,Nashik,20.011628,73.792422,PNB,28
ATM_00739,Maharashtra,Aurangabad,19.822003,75.286624,Kotak Mahindra Bank,34
ATM_00740,Maharashtra,Mumbai,19.044856,72.866714,HDFC Bank,27
ATM_00741,Maharashtra,Pune,18.547898,73.773916,SBI,25
ATM_00742,Maharashtra,Mumbai,19.036014,72.924901,Union Bank,27
ATM_00743,Maharashtra,Nashik,20.032624,73.724624,PNB,28
ATM_00744,Maharashtra,Mumbai,19.130961,72.841783,Axis Bank,27
ATM_00745,Maharashtra,Nagpur,21.143525,79.146907,Axis Bank,31
ATM_00746,Maharashtra,Aurangabad,19.943629,75.334003,SBI,34
ATM_00747,Maharashtra,Pune,18.498088,73.761126,ICICI Bank,25
ATM_00748,Maharashtra,Thane,19.290905,72.987242,HDFC Bank,21
ATM_00749,Maharashtra,Thane,19.242836,72.932943,Union Bank,21
ATM_00750,Maharashtra,Nashik,19.999614,73.750757,SBI,28
ATM_00751,Maharashtra,Aurangabad,19.799336,75.336698,Canara Bank,34
ATM_00752,Maharashtra,Thane,19.119198,72.993701,Bank of Baroda,21
ATM_00753,Maharashtra,Nagpur,21.170271,79.051874,Kotak Mahindra Bank,31
ATM_00754,Maharashtra,Mumbai,19.073311,72.917157,Kotak Mahindra Bank,27
ATM_00755,Maharashtra,Aurangabad,19.965721,75.338963,Bank of Baroda,34
ATM_00756,Maharashtra,Aurangabad,19.837026,75.350296,SBI,34
ATM_00757,Maharashtra,Nagpur,21.10245,79.039425,HDFC Bank,31
ATM_00758,Maharashtra,Aurangabad,19.835958,75.435632,Bank of Baroda,34
ATM_00759,Maharashtra,Nagpur,21.084037,79.123181,Axis Bank,31
ATM_00760,Maharashtra,Nagpur,21.122452,79.1091,SBI,31
ATM_00761,Maharashtra,Pune,18.488517,73.831503,Kotak Mahindra Bank,25
ATM_00762,Maharashtra,Aurangabad,19.843752,75.330987,Bank of Baroda,34
ATM_00763,Maharashtra,Pune,18.469633,73.834958,SBI,25
ATM_00764,Maharashtra,Mumbai,19.010673,72.912878,SBI,27
ATM_00765,Maharashtra,Nagpur,21.07964,79.121323,SBI,31
ATM_00766,Maharashtra,Aurangabad,19.892192,75.43159,IndusInd Bank,34
ATM_00767,Maharashtra,Nagpur,21.203719,79.059327,IndusInd Bank,31
ATM_00768,Maharashtra,Mumbai,19.06005,72.831154,Union Bank,27
ATM_00769,Maharashtra,Nagpur,21.170413,79.118342,Union Bank,31
ATM_00770,Maharashtra,Nagpur,21.091732,79.1652,HDFC Bank,31
ATM_00771,Maharashtra,Aurangabad,19.914255,75.255941,Axis Bank,34
ATM_00772,Maharashtra,Nagpur,21.135444,79.080478,Bank of Baroda,31
ATM_00773,Maharashtra,Nashik,19.991249,73.827978,IndusInd Bank,28
ATM_00774,Maharashtra,Mumbai,19.067308,72.874865,Canara Bank,27
ATM_00775,Maharashtra,Mumbai,19.070504,72.849552,Union Bank,27
ATM_00776,Maharashtra,Thane,19.188527,73.018783,Kotak Mahindra Bank,21
ATM_00777,Maharashtra,Pune,18.506994,73.855349,Kotak Mahindra Bank,25
ATM_00778,Maharashtra,Pune,18.601773,73.849656,HDFC Bank,25
ATM_00779,Maharashtra,Pune,18.518909,73.834891,ICICI Bank,25
ATM_00780,Maharashtra,Mumbai,19.086851,72.865657,ICICI Bank,27
ATM_00781,Maharashtra,Pune,18.520956,73.806552,ICICI Bank,25
ATM_00782,Maharashtra,Aurangabad,19.824587,75.362596,SBI,34
ATM_00783,Maharashtra,Nashik,20.137085,73.78428,IndusInd Bank,28
ATM_00784,Maharashtra,Thane,19.334037,73.00611,IndusInd Bank,21
ATM_00785,Maharashtra,Nagpur,21.1072,79.06361,Union Bank,31
ATM_00786,Maharashtra,Mumbai,19.081038,72.921811,Union Bank,27
ATM_00787,Maharashtra,Nagpur,21.240188,79.008918,Kotak Mahindra Bank,31
ATM_00788,Maharashtra,Nagpur,21.233479,79.085411,ICICI Bank,31
ATM_00789,Maharashtra,Aurangabad,19.853565,75.355892,ICICI Bank,34
ATM_00790,Maharashtra,Pune,18.527811,73.845521,Kotak Mahindra Bank,25
ATM_00791,Maharashtra,Pune,18.521761,73.845712,PNB,25
ATM_00792,Maharashtra,Thane,19.207728,73.006964,Union Bank,21
ATM_00793,Maharashtra,Thane,19.209801,73.014419,ICICI Bank,21
ATM_00794,Maharashtra,Mumbai,19.052445,72.86211,PNB,27
ATM_00795,Maharashtra,Nagpur,21.12553,79.093883,HDFC Bank,31
ATM_00796,Maharashtra,Thane,19.200734,72.937836,ICICI Bank,21
ATM_00797,Maharashtra,Mumbai,19.051847,72.896665,Kotak Mahindra Bank,27
ATM_00798,Maharashtra,Mumbai,19.12856,72.820681,Bank of Baroda,27
ATM_00799,Maharashtra,Nashik,19.989345,73.827462,Canara Bank,28
ATM_00800,Maharashtra,Pune,18.523682,73.811596,Bank of Baroda,25
ATM_00801,Maharashtra,Nagpur,21.141509,79.086581,Bank of Baroda,31
ATM_00802,Maharashtra,Aurangabad,19.802238,75.399196,IndusInd Bank,34
ATM_00803,Maharashtra,Aurangabad,19.885455,75.383829,ICICI Bank,34
ATM_00804,Maharashtra,Nagpur,21.14171,79.089696,Union Bank,31
ATM_00805,Maharashtra,Aurangabad,19.890401,75.328816,ICICI Bank,34
ATM_00806,Maharashtra,Aurangabad,19.916872,75.401297,Canara Bank,34
ATM_00807,Maharashtra,Pune,18.526976,73.97341,Union Bank,25
ATM_00808,Maharashtra,Nashik,19.958235,73.787653,ICICI Bank,28
ATM_00809,Maharashtra,Thane,19.295875,73.007897,Canara Bank,21
ATM_00810,Maharashtra,Nashik,19.97861,73.740539,Union Bank,28
ATM_00811,Maharashtra,Thane,19.318641,73.0344,Kotak Mahindra Bank,21
ATM_00812,Maharashtra,Nashik,20.002346,73.760652,Canara Bank,28
ATM_00813,Maharashtra,Nagpur,21.0803,79.036573,PNB,31
ATM_00814,Maharashtra,Nashik,20.024878,73.799236,Bank of Baroda,28
ATM_00815,Maharashtra,Nagpur,21.132039,79.140071,Union Bank,31
ATM_00816,Maharashtra,Nagpur,21.131481,79.018071,HDFC Bank,31
ATM_00817,Maharashtra,Mumbai,19.15196,72.750159,Canara Bank,27
ATM_00818,Maharashtra,Nagpur,21.148701,79.116467,Bank of Baroda,31
ATM_00819,Maharashtra,Nashik,19.977205,73.846569,Kotak Mahindra Bank,28
ATM_00820,Maharashtra,Pune,18.576745,73.923637,Union Bank,25
ATM_00821,Maharashtra,Nagpur,21.167833,79.000493,Canara Bank,31
ATM_00822,Maharashtra,Nagpur,21.158634,79.059084,Bank of Baroda,31
ATM_00823,Maharashtra,Nashik,19.973912,73.779208,IndusInd Bank,28
ATM_00824,Maharashtra,Mumbai,19.08603,72.910092,Axis Bank,27
ATM_00825,Maharashtra,Pune,18.471724,73.853953,Axis Bank,25
ATM_00826,Maharashtra,Mumbai,19.049445,72.871387,Bank of Baroda,27
ATM_00827,Maharashtra,Pune,18.509118,73.832649,PNB,25
ATM_00828,Maharashtra,Aurangabad,19.868045,75.328826,Axis Bank,34
ATM_00829,Maharashtra,Nashik,19.950524,73.763108,ICICI Bank,28
ATM_00830,Maharashtra,Mumbai,19.054651,72.840033,IndusInd Bank,27
ATM_00831,Maharashtra,Nashik,19.91603,73.878309,Kotak Mahindra Bank,28
ATM_00832,Maharashtra,Aurangabad,19.912729,75.338234,HDFC Bank,34
ATM_00833,Maharashtra,Mumbai,19.047091,72.871519,Axis Bank,27
ATM_00834,Maharashtra,Nashik,19.979547,73.77773,Union Bank,28
ATM_00835,Maharashtra,Pune,18.540154,73.801262,ICICI Bank,25
ATM_00836,Maharashtra,Nagpur,21.188536,79.052861,Canara Bank,31
ATM_00837,Maharashtra,Aurangabad,19.860732,75.379361,SBI,34
ATM_00838,Odisha,Rourkela,22.208816,84.833909,IndusInd Bank,10
ATM_00839,Odisha,Rourkela,22.197541,84.874292,SBI,10
ATM_00840,Odisha,Cuttack,20.457977,85.867903,Axis Bank,7
ATM_00841,Odisha,Rourkela,22.215226,84.792018,IndusInd Bank,10
ATM_00842,Odisha,Bhubaneswar,20.32583,85.823804,ICICI Bank,8
ATM_00843,Odisha,Cuttack,20.484501,85.862376,ICICI Bank,7
ATM_00844,Odisha,Rourkela,22.322605,84.837678,Canara Bank,10
ATM_00845,Odisha,Cuttack,20.555699,85.884139,PNB,7
ATM_00846,Odisha,Rourkela,22.33046,84.90557,PNB,10
ATM_00847,Odisha,Bhubaneswar,20.267032,85.759041,Axis Bank,8
ATM_00848,Odisha,Bhubaneswar,20.273537,85.910941,PNB,8
ATM_00849,Odisha,Bhubaneswar,20.290557,85.852021,PNB,8
ATM_00850,Odisha,Cuttack,20.47823,85.86201,ICICI Bank,7
ATM_00851,Odisha,Rourkela,22.26643,84.825864,HDFC Bank,10
ATM_00852,Odisha,Rourkela,22.171334,84.738504,Kotak Mahindra Bank,10
ATM_00853,Odisha,Rourkela,22.278383,84.854248,Kotak Mahindra Bank,10
ATM_00854,Odisha,Rourkela,22.293827,84.850915,ICICI Bank,10
ATM_00855,Odisha,Cuttack,20.448907,85.96773,HDFC Bank,7
ATM_00856,Odisha,Bhubaneswar,20.396878,85.846023,ICICI Bank,8
ATM_00857,Odisha,Bhubaneswar,20.269743,85.831109,Canara Bank,8
ATM_00858,Odisha,Cuttack,20.407946,85.916989,ICICI Bank,7
ATM_00859,Odisha,Rourkela,22.296185,84.836575,HDFC Bank,10
ATM_00860,Odisha,Bhubaneswar,20.248797,85.807648,Kotak Mahindra Bank,8
ATM_00861,Odisha,Cuttack,20.408338,85.836293,PNB,7
ATM_00862,Odisha,Bhubaneswar,20.330279,85.778326,Kotak Mahindra Bank,8
ATM_00863,Punjab,Jalandhar,31.422218,75.502866,Axis Bank,5
ATM_00864,Punjab,Ludhiana,30.836983,75.84829,Axis Bank,10
ATM_00865,Punjab,Amritsar,31.643235,74.809235,SBI,14
ATM_00866,Punjab,Ludhiana,30.876351,75.848636,PNB,10
ATM_00867,Punjab,Amritsar,31.68798,74.960297,SBI,14
ATM_00868,Punjab,Amritsar,31.665787,74.863065,Axis Bank,14
ATM_00869,Punjab,Amritsar,31.711539,74.862379,ICICI Bank,14
ATM_00870,Punjab,Amritsar,31.68292,74.881714,Union Bank,14
ATM_00871,Punjab,Ludhiana,30.829767,75.929733,Union Bank,10
ATM_00872,Punjab,Amritsar,31.667313,74.842467,Union Bank,14
ATM_00873,Punjab,Ludhiana,30.949709,75.843346,PNB,10
ATM_00874,Punjab,Amritsar,31.624648,74.838053,Axis Bank,14
ATM_00875,Punjab,Amritsar,31.606696,74.854253,Axis Bank,14
ATM_00876,Punjab,Ludhiana,30.905253,75.862881,IndusInd Bank,10
ATM_00877,Punjab,Amritsar,31.69209,74.881164,IndusInd Bank,14
ATM_00878,Punjab,Jalandhar,31.305317,75.521613,Union Bank,5
ATM_00879,Punjab,Ludhiana,30.804149,75.948122,HDFC Bank,10
ATM_00880,Punjab,Ludhiana,30.924358,75.93654,Axis Bank,10
ATM_00881,Punjab,Amritsar,31.701299,74.873506,Union Bank,14
ATM_00882,Punjab,Jalandhar,31.368117,75.478817,Kotak Mahindra Bank,5
ATM_00883,Punjab,Amritsar,31.687155,74.769759,PNB,14
ATM_00884,Punjab,Amritsar,31.62792,74.911708,SBI,14
ATM_00885,Punjab,Ludhiana,30.853922,75.781481,Canara Bank,10
ATM_00886,Punjab,Ludhiana,30.893319,75.874388,Union Bank,10
ATM_00887,Punjab,Jalandhar,31.34483,75.591717,HDFC Bank,5
ATM_00888,Punjab,Ludhiana,30.833763,75.852136,ICICI Bank,10
ATM_00889,Punjab,Amritsar,31.55994,74.888116,Canara Bank,14
ATM_00890,Punjab,Jalandhar,31.326847,75.582858,Union Bank,5
ATM_00891,Punjab,Amritsar,31.782223,74.891246,HDFC Bank,14
ATM_00892,Rajasthan,Bharatpur,27.287612,77.528488,IndusInd Bank,22
ATM_00893,Rajasthan,Jaipur,26.993474,75.825572,Kotak Mahindra Bank,20
ATM_00894,Rajasthan,Alwar,27.534276,76.649795,IndusInd Bank,26
ATM_00895,Rajasthan,Alwar,27.546615,76.63096,Bank of Baroda,26
ATM_00896,Rajasthan,Bharatpur,27.24306,77.506321,Axis Bank,22
ATM_00897,Rajasthan,Udaipur,24.557539,73.744456,Kotak Mahindra Bank,22
ATM_00898,Rajasthan,Jaipur,26.880949,75.843793,Kotak Mahindra Bank,20
ATM_00899,Rajasthan,Udaipur,24.609589,73.715812,Axis Bank,22
ATM_00900,Rajasthan,Alwar,27.539495,76.583831,HDFC Bank,26
ATM_00901,Rajasthan,Bharatpur,27.211371,77.463611,Kotak Mahindra Bank,22
ATM_00902,Rajasthan,Alwar,27.49618,76.658875,SBI,26
ATM_00903,Rajasthan,Jaipur,26.929542,75.839972,PNB,20
ATM_00904,Rajasthan,Kota,25.232709,75.759424,HDFC Bank,15
ATM_00905,Rajasthan,Bharatpur,27.171597,77.481662,IndusInd Bank,22
ATM_00906,Rajasthan,Udaipur,24.648014,73.665644,Axis Bank,22
ATM_00907,Rajasthan,Alwar,27.528703,76.662318,Canara Bank,26
ATM_00908,Rajasthan,Jodhpur,26.193146,72.997755,PNB,22
ATM_00909,Rajasthan,Kota,25.270007,75.866725,IndusInd Bank,15
ATM_00910,Rajasthan,Bharatpur,27.295106,77.464708,Kotak Mahindra Bank,22
ATM_00911,Rajasthan,Udaipur,24.587602,73.715707,IndusInd Bank,22
ATM_00912,Rajasthan,Udaipur,24.599977,73.630836,HDFC Bank,22
ATM_00913,Rajasthan,Kota,25.192055,75.86409,Canara Bank,15
ATM_00914,Rajasthan,Udaipur,24.651277,73.749868,IndusInd Bank,22
ATM_00915,Rajasthan,Udaipur,24.588306,73.824731,Union Bank,22
ATM_00916,Rajasthan,Jaipur,26.890575,75.740816,Bank of Baroda,20
ATM_00917,Rajasthan,Alwar,27.610904,76.618891,HDFC Bank,26
ATM_00918,Rajasthan,Jaipur,26.921432,75.740758,HDFC Bank,20
ATM_00919,Rajasthan,Udaipur,24.564584,73.768097,PNB,22
ATM_00920,Rajasthan,Kota,25.244709,75.89208,Canara Bank,15
ATM_00921,Rajasthan,Jaipur,26.851806,75.775756,HDFC Bank,20
ATM_00922,Rajasthan,Jaipur,26.943735,75.796445,Canara Bank,20
ATM_00923,Rajasthan,Alwar,27.492594,76.635262,SBI,26
ATM_00924,Rajasthan,Kota,25.14714,75.8238,IndusInd Bank,15
ATM_00925,Rajasthan,Bharatpur,27.25164,77.461975,Kotak Mahindra Bank,22
ATM_00926,Rajasthan,Jaipur,26.922044,75.780585,IndusInd Bank,20
ATM_00927,Rajasthan,Udaipur,24.577903,73.759672,Bank of Baroda,22
ATM_00928,Rajasthan,Jodhpur,26.287448,73.029312,Union Bank,22
ATM_00929,Rajasthan,Udaipur,24.580473,73.761511,Kotak Mahindra Bank,22
ATM_00930,Rajasthan,Alwar,27.58735,76.564839,IndusInd Bank,26
ATM_00931,Rajasthan,Jaipur,26.928191,75.780359,ICICI Bank,20
ATM_00932,Rajasthan,Bharatpur,27.252987,77.509703,SBI,22
ATM_00933,Rajasthan,Jodhpur,26.267498,72.978267,IndusInd Bank,22
ATM_00934,Rajasthan,Jodhpur,26.254122,73.045238,HDFC Bank,22
ATM_00935,Rajasthan,Kota,25.130646,75.815967,IndusInd Bank,15
ATM_00936,Rajasthan,Udaipur,24.487651,73.687534,Canara Bank,22
ATM_00937,Rajasthan,Jodhpur,26.204111,73.067953,Axis Bank,22
ATM_00938,Rajasthan,Jaipur,26.90465,75.806848,Bank of Baroda,20
ATM_00939,Rajasthan,Jodhpur,26.25784,73.051059,ICICI Bank,22
ATM_00940,Rajasthan,Jodhpur,26.259288,73.164552,SBI,22
ATM_00941,Rajasthan,Alwar,27.526584,76.571902,Canara Bank,26
ATM_00942,Rajasthan,Jodhpur,26.269725,73.030327,SBI,22
ATM_00943,Rajasthan,Jaipur,26.930009,75.805926,PNB,20
ATM_00944,Rajasthan,Bharatpur,27.22718,77.559967,Bank of Baroda,22
ATM_00945,Rajasthan,Udaipur,24.584391,73.772998,Canara Bank,22
ATM_00946,Rajasthan,Alwar,27.532394,76.666808,SBI,26
ATM_00947,Rajasthan,Jaipur,26.893495,75.785283,Union Bank,20
ATM_00948,Rajasthan,Alwar,27.486302,76.672917,PNB,26
ATM_00949,Rajasthan,Jaipur,26.911622,75.783638,ICICI Bank,20
ATM_00950,Rajasthan,Jaipur,26.949846,75.775824,ICICI Bank,20
ATM_00951,Rajasthan,Alwar,27.553203,76.648483,Union Bank,26
ATM_00952,Rajasthan,Alwar,27.531321,76.677803,Canara Bank,26
ATM_00953,Rajasthan,Udaipur,24.624073,73.652551,Kotak Mahindra Bank,22
ATM_00954,Rajasthan,Jodhpur,26.154126,72.889222,ICICI Bank,22
ATM_00955,Rajasthan,Alwar,27.534411,76.636112,HDFC Bank,26
ATM_00956,Rajasthan,Jodhpur,26.287268,73.018324,PNB,22
ATM_00957,Rajasthan,Alwar,27.525746,76.635799,Canara Bank,26
ATM_00958,Rajasthan,Bharatpur,27.23915,77.497623,SBI,22
ATM_00959,Rajasthan,Jaipur,26.876967,75.798408,IndusInd Bank,20
ATM_00960,Rajasthan,Alwar,27.606071,76.612389,ICICI Bank,26
ATM_00961,Rajasthan,Bharatpur,27.196748,77.582028,Axis Bank,22
ATM_00962,Rajasthan,Alwar,27.521464,76.602065,IndusInd Bank,26
ATM_00963,Rajasthan,Bharatpur,27.222878,77.52772,IndusInd Bank,22
ATM_00964,Rajasthan,Alwar,27.504207,76.62143,IndusInd Bank,26
ATM_00965,Rajasthan,Jodhpur,26.219258,73.023146,HDFC Bank,22
ATM_00966,Rajasthan,Jodhpur,26.228692,73.062741,Canara Bank,22
ATM_00967,Rajasthan,Jaipur,26.92078,75.695863,Canara Bank,20
ATM_00968,Rajasthan,Bharatpur,27.128071,77.509004,Canara Bank,22
ATM_00969,Rajasthan,Udaipur,24.520398,73.723549,HDFC Bank,22
ATM_00970,Rajasthan,Alwar,27.503102,76.749423,PNB,26
ATM_00971,Rajasthan,Jodhpur,26.228328,72.974083,Union Bank,22
ATM_00972,Rajasthan,Udaipur,24.515657,73.705272,IndusInd Bank,22
ATM_00973,Rajasthan,Jodhpur,26.19847,73.089214,PNB,22
ATM_00974,Rajasthan,Jodhpur,26.277589,72.967573,ICICI Bank,22
ATM_00975,Rajasthan,Udaipur,24.617572,73.684179,PNB,22
ATM_00976,Rajasthan,Jodhpur,26.283709,73.031221,SBI,22
ATM_00977,Rajasthan,Jodhpur,26.219458,73.117422,IndusInd Bank,22
ATM_00978,Rajasthan,Jaipur,26.968939,75.799629,PNB,20
ATM_00979,Rajasthan,Bharatpur,27.259976,77.528951,SBI,22
ATM_00980,Rajasthan,Alwar,27.476835,76.617119,Union Bank,26
ATM_00981,Rajasthan,Alwar,27.50615,76.58851,IndusInd Bank,26
ATM_00982,Rajasthan,Jodhpur,26.236222,73.072119,PNB,22
ATM_00983,Rajasthan,Jaipur,26.935729,75.750726,Bank of Baroda,20
ATM_00984,Rajasthan,Kota,25.147372,75.83707,IndusInd Bank,15
ATM_00985,Rajasthan,Bharatpur,27.188324,77.577267,IndusInd Bank,22
ATM_00986,Rajasthan,Udaipur,24.623469,73.761199,SBI,22
ATM_00987,Rajasthan,Udaipur,24.471261,73.739292,Union Bank,22
ATM_00988,Rajasthan,Kota,25.219103,75.891056,ICICI Bank,15
ATM_00989,Rajasthan,Jodhpur,26.167003,73.02496,Axis Bank,22
ATM_00990,Rajasthan,Udaipur,24.552612,73.761557,Bank of Baroda,22
ATM_00991,Rajasthan,Alwar,27.576788,76.668153,ICICI Bank,26
ATM_00992,Rajasthan,Udaipur,24.642899,73.648247,ICICI Bank,22
ATM_00993,Rajasthan,Kota,25.228864,75.89523,PNB,15
ATM_00994,Rajasthan,Alwar,27.581134,76.597691,Axis Bank,26
ATM_00995,Rajasthan,Bharatpur,27.209292,77.580837,ICICI Bank,22
ATM_00996,Rajasthan,Alwar,27.514606,76.65071,Canara Bank,26
ATM_00997,Rajasthan,Kota,25.184824,75.984356,Axis Bank,15
ATM_00998,Rajasthan,Kota,25.224978,75.879812,IndusInd Bank,15
ATM_00999,Rajasthan,Bharatpur,27.17947,77.494613,ICICI Bank,22
ATM_01000,Rajasthan,Alwar,27.604963,76.661056,Bank of Baroda,26
ATM_01001,Rajasthan,Jaipur,26.8902,75.745436,Bank of Baroda,20
ATM_01002,Rajasthan,Alwar,27.566669,76.658961,Canara Bank,26
ATM_01003,Rajasthan,Bharatpur,27.289087,77.481666,Kotak Mahindra Bank,22
ATM_01004,Rajasthan,Jodhpur,26.194944,73.073839,IndusInd Bank,22
ATM_01005,Rajasthan,Kota,25.219012,75.836343,Axis Bank,15
ATM_01006,Rajasthan,Kota,25.17088,75.922264,Union Bank,15
ATM_01007,Rajasthan,Kota,25.27585,75.938197,IndusInd Bank,15
ATM_01008,Rajasthan,Bharatpur,27.278809,77.530771,ICICI Bank,22
ATM_01009,Rajasthan,Udaipur,24.582446,73.75912,Axis Bank,22
ATM_01010,Rajasthan,Bharatpur,27.24582,77.534108,Union Bank,22
ATM_01011,Rajasthan,Bharatpur,27.295211,77.559123,SBI,22
ATM_01012,Rajasthan,Udaipur,24.631556,73.603334,Canara Bank,22
ATM_01013,Rajasthan,Bharatpur,27.194125,77.527392,ICICI Bank,22
ATM_01014,Rajasthan,Bharatpur,27.17942,77.564232,SBI,22
ATM_01015,Rajasthan,Jodhpur,26.229447,72.966023,HDFC Bank,22
ATM_01016,Rajasthan,Jaipur,26.980345,75.812911,Bank of Baroda,20
ATM_01017,Rajasthan,Jodhpur,26.227931,73.044275,Canara Bank,22
ATM_01018,Rajasthan,Kota,25.167962,75.856084,PNB,15
ATM_01019,Tamil Nadu,Coimbatore,11.048588,77.054202,Axis Bank,24
ATM_01020,Tamil Nadu,Coimbatore,10.98442,76.941116,PNB,24
ATM_01021,Tamil Nadu,Coimbatore,11.099439,76.966251,Bank of Baroda,24
ATM_01022,Tamil Nadu,Coimbatore,10.968655,76.985535,PNB,24
ATM_01023,Tamil Nadu,Chennai,13.054301,80.27806,PNB,16
ATM_01024,Tamil Nadu,Madurai,9.888326,78.177386,Kotak Mahindra Bank,24
ATM_01025,Tamil Nadu,Chennai,13.075875,80.297331,PNB,16
ATM_01026,Tamil Nadu,Chennai,13.106328,80.214278,SBI,16
ATM_01027,Tamil Nadu,Madurai,9.864172,78.089531,ICICI Bank,24
ATM_01028,Tamil Nadu,Madurai,9.911873,78.100618,Union Bank,24
ATM_01029,Tamil Nadu,Coimbatore,11.083025,76.962659,Bank of Baroda,24
ATM_01030,Tamil Nadu,Madurai,9.933597,78.089674,SBI,24
ATM_01031,Tamil Nadu,Madurai,9.891866,78.128517,PNB,24
ATM_01032,Tamil Nadu,Chennai,13.094363,80.33088,PNB,16
ATM_01033,Tamil Nadu,Coimbatore,11.044436,77.006692,ICICI Bank,24
ATM_01034,Tamil Nadu,Salem,11.654655,78.129179,PNB,16
ATM_01035,Tamil Nadu,Madurai,9.946301,78.111162,IndusInd Bank,24
ATM_01036,Tamil Nadu,Coimbatore,11.004804,76.932678,SBI,24
ATM_01037,Tamil Nadu,Madurai,9.948563,78.056192,ICICI Bank,24
ATM_01038,Tamil Nadu,Chennai,13.046387,80.243377,PNB,16
ATM_01039,Tamil Nadu,Coimbatore,11.010341,76.872309,Bank of Baroda,24
ATM_01040,Tamil Nadu,Coimbatore,10.981925,76.994698,SBI,24
ATM_01041,Tamil Nadu,Chennai,13.135195,80.266372,ICICI Bank,16
ATM_01042,Tamil Nadu,Salem,11.582348,78.188529,PNB,16
ATM_01043,Tamil Nadu,Salem,11.702019,78.088958,HDFC Bank,16
ATM_01044,Tamil Nadu,Madurai,9.888128,78.10637,Bank of Baroda,24
ATM_01045,Tamil Nadu,Salem,11.677499,78.10204,Kotak Mahindra Bank,16
ATM_01046,Tamil Nadu,Coimbatore,10.936159,76.934634,PNB,24
ATM_01047,Tamil Nadu,Madurai,9.915622,78.134728,Bank of Baroda,24
ATM_01048,Tamil Nadu,Salem,11.654142,78.09384,Canara Bank,16
ATM_01049,Tamil Nadu,Coimbatore,10.995275,77.007959,Canara Bank,24
ATM_01050,Tamil Nadu,Salem,11.709696,78.142054,SBI,16
ATM_01051,Tamil Nadu,Chennai,13.124839,80.262681,Canara Bank,16
ATM_01052,Tamil Nadu,Salem,11.66186,78.169903,Kotak Mahindra Bank,16
ATM_01053,Tamil Nadu,Madurai,9.893616,78.112016,Axis Bank,24
ATM_01054,Tamil Nadu,Salem,11.619885,78.206137,Axis Bank,16
ATM_01055,Tamil Nadu,Coimbatore,10.957054,77.046241,HDFC Bank,24
ATM_01056,Tamil Nadu,Coimbatore,11.050253,76.93031,ICICI Bank,24
ATM_01057,Tamil Nadu,Chennai,13.114873,80.297967,Kotak Mahindra Bank,16
ATM_01058,Tamil Nadu,Chennai,13.096102,80.338306,Canara Bank,16
ATM_01059,Tamil Nadu,Madurai,9.915015,78.124115,HDFC Bank,24
ATM_01060,Tamil Nadu,Madurai,9.895087,78.038031,SBI,24
ATM_01061,Tamil Nadu,Chennai,13.127009,80.361091,PNB,16
ATM_01062,Tamil Nadu,Chennai,13.031994,80.272941,Axis Bank,16
ATM_01063,Tamil Nadu,Madurai,9.910757,78.092051,SBI,24
ATM_01064,Tamil Nadu,Coimbatore,10.992546,76.914493,IndusInd Bank,24
ATM_01065,Tamil Nadu,Madurai,9.916436,78.144827,Bank of Baroda,24
ATM_01066,Tamil Nadu,Madurai,9.939848,78.211089,Canara Bank,24
ATM_01067,Tamil Nadu,Salem,11.731223,78.111311,PNB,16
ATM_01068,Tamil Nadu,Coimbatore,11.003053,76.998215,HDFC Bank,24
ATM_01069,Tamil Nadu,Madurai,9.970629,78.169455,Bank of Baroda,24
ATM_01070,Tamil Nadu,Coimbatore,10.973291,76.923581,Union Bank,24
ATM_01071,Tamil Nadu,Coimbatore,10.935677,76.957228,HDFC Bank,24
ATM_01072,Tamil Nadu,Salem,11.659194,78.201273,Kotak Mahindra Bank,16
ATM_01073,Tamil Nadu,Madurai,9.928724,78.110673,Canara Bank,24
ATM_01074,Tamil Nadu,Chennai,13.100779,80.307876,PNB,16
ATM_01075,Tamil Nadu,Chennai,13.067159,80.227941,IndusInd Bank,16
ATM_01076,Tamil Nadu,Chennai,13.07672,80.111886,Bank of Baroda,16
ATM_01077,Tamil Nadu,Madurai,9.875629,78.15433,IndusInd Bank,24
ATM_01078,Tamil Nadu,Coimbatore,10.983107,77.002953,Union Bank,24
ATM_01079,Tamil Nadu,Chennai,13.122314,80.348625,PNB,16
ATM_01080,Tamil Nadu,Madurai,9.904662,78.107702,PNB,24
ATM_01081,Tamil Nadu,Salem,11.613476,78.075696,Axis Bank,16
ATM_01082,Tamil Nadu,Coimbatore,11.044014,76.83854,Canara Bank,24
ATM_01083,Tamil Nadu,Madurai,9.866799,78.187656,HDFC Bank,24
ATM_01084,Tamil Nadu,Coimbatore,11.026755,76.962679,PNB,24
ATM_01085,Tamil Nadu,Madurai,9.899907,78.103026,HDFC Bank,24
ATM_01086,Tamil Nadu,Madurai,9.954059,78.172296,Axis Bank,24
ATM_01087,Tamil Nadu,Coimbatore,11.070907,76.928704,PNB,24
ATM_01088,Tamil Nadu,Salem,11.638573,78.198986,Union Bank,16
ATM_01089,Tamil Nadu,Madurai,9.927721,78.052365,IndusInd Bank,24
ATM_01090,Tamil Nadu,Coimbatore,10.986994,76.970131,IndusInd Bank,24
ATM_01091,Tamil Nadu,Coimbatore,11.005506,76.91673,Union Bank,24
ATM_01092,Tamil Nadu,Chennai,13.014003,80.212128,PNB,16
ATM_01093,Tamil Nadu,Madurai,9.843126,78.119695,Canara Bank,24
ATM_01094,Tamil Nadu,Coimbatore,11.001232,76.924745,Axis Bank,24
ATM_01095,Tamil Nadu,Salem,11.683865,78.151923,SBI,16
ATM_01096,Tamil Nadu,Salem,11.588726,78.068298,Kotak Mahindra Bank,16
ATM_01097,Tamil Nadu,Salem,11.671424,78.024062,HDFC Bank,16
ATM_01098,Tamil Nadu,Salem,11.593825,78.214395,Canara Bank,16
ATM_01099,Telangana,Karimnagar,18.459151,79.113085,PNB,20
ATM_01100,Telangana,Hyderabad,17.351277,78.474848,Kotak Mahindra Bank,35
ATM_01101,Telangana,Warangal,18.04805,79.573892,Bank of Baroda,20
ATM_01102,Telangana,Nizamabad,18.660032,78.089581,IndusInd Bank,18
ATM_01103,Telangana,Warangal,17.893567,79.588808,SBI,20
ATM_01104,Telangana,Hyderabad,17.317293,78.510362,Bank of Baroda,35
ATM_01105,Telangana,Warangal,17.962003,79.484871,IndusInd Bank,20
ATM_01106,Telangana,Hyderabad,17.472022,78.422947,Union Bank,35
ATM_01107,Telangana,Hyderabad,17.367819,78.43514,Axis Bank,35
ATM_01108,Telangana,Karimnagar,18.503684,79.194613,Axis Bank,20
ATM_01109,Telangana,Nizamabad,18.65151,78.058169,Kotak Mahindra Bank,18
ATM_01110,Telangana,Karimnagar,18.431396,79.104104,Bank of Baroda,20
ATM_01111,Telangana,Nizamabad,18.698751,78.15122,Union Bank,18
ATM_01112,Telangana,Nizamabad,18.608307,78.119531,Bank of Baroda,18
ATM_01113,Telangana,Nizamabad,18.707618,78.024475,Canara Bank,18
ATM_01114,Telangana,Warangal,17.959206,79.544838,ICICI Bank,20
ATM_01115,Telangana,Hyderabad,17.384938,78.464977,Bank of Baroda,35
ATM_01116,Telangana,Nizamabad,18.745119,78.141543,SBI,18
ATM_01117,Telangana,Nizamabad,18.723009,78.165707,PNB,18
ATM_01118,Telangana,Hyderabad,17.443424,78.52964,Axis Bank,35
ATM_01119,Telangana,Karimnagar,18.48531,79.120696,HDFC Bank,20
ATM_01120,Telangana,Hyderabad,17.43019,78.471608,Bank of Baroda,35
ATM_01121,Telangana,Hyderabad,17.332414,78.436386,Union Bank,35
ATM_01122,Telangana,Karimnagar,18.447336,79.031869,PNB,20
ATM_01123,Telangana,Warangal,17.919532,79.627252,HDFC Bank,20
ATM_01124,Telangana,Warangal,17.89681,79.658776,ICICI Bank,20
ATM_01125,Telangana,Karimnagar,18.561352,79.150577,IndusInd Bank,20
ATM_01126,Telangana,Warangal,17.99839,79.660803,SBI,20
ATM_01127,Telangana,Karimnagar,18.446938,79.224722,PNB,20
ATM_01128,Telangana,Hyderabad,17.415983,78.488944,ICICI Bank,35
ATM_01129,Telangana,Hyderabad,17.446663,78.442094,Kotak Mahindra Bank,35
ATM_01130,Telangana,Hyderabad,17.376614,78.525131,IndusInd Bank,35
ATM_01131,Telangana,Hyderabad,17.40604,78.507041,Union Bank,35
ATM_01132,Telangana,Hyderabad,17.442491,78.505982,Canara Bank,35
ATM_01133,Telangana,Hyderabad,17.344177,78.523741,IndusInd Bank,35
ATM_01134,Telangana,Hyderabad,17.36153,78.464534,SBI,35
ATM_01135,Telangana,Nizamabad,18.687987,78.06814,IndusInd Bank,18
ATM_01136,Telangana,Karimnagar,18.3582,79.104092,Bank of Baroda,20
ATM_01137,Telangana,Karimnagar,18.459206,79.094596,PNB,20
ATM_01138,Telangana,Hyderabad,17.379709,78.51121,ICICI Bank,35
ATM_01139,Telangana,Karimnagar,18.294812,79.125644,Canara Bank,20
ATM_01140,Telangana,Hyderabad,17.403417,78.461634,PNB,35
ATM_01141,Telangana,Hyderabad,17.413663,78.440744,Axis Bank,35
ATM_01142,Telangana,Hyderabad,17.428386,78.406052,Canara Bank,35
ATM_01143,Telangana,Hyderabad,17.39615,78.491011,Canara Bank,35
ATM_01144,Telangana,Hyderabad,17.460566,78.458603,Kotak Mahindra Bank,35
ATM_01145,Telangana,Hyderabad,17.406107,78.447223,Axis Bank,35
ATM_01146,Telangana,Karimnagar,18.415758,79.234901,Kotak Mahindra Bank,20
ATM_01147,Telangana,Hyderabad,17.364586,78.533908,Union Bank,35
ATM_01148,Telangana,Warangal,18.008338,79.569615,PNB,20
ATM_01149,Telangana,Nizamabad,18.746297,78.191531,Axis Bank,18
ATM_01150,Telangana,Hyderabad,17.372128,78.444286,SBI,35
ATM_01151,Telangana,Warangal,18.063107,79.530053,Bank of Baroda,20
ATM_01152,Telangana,Warangal,17.927493,79.583573,PNB,20
ATM_01153,Telangana,Hyderabad,17.390432,78.575546,PNB,35
ATM_01154,Telangana,Hyderabad,17.392769,78.453217,PNB,35
ATM_01155,Telangana,Warangal,18.114407,79.648994,IndusInd Bank,20
ATM_01156,Telangana,Hyderabad,17.421347,78.414169,SBI,35
ATM_01157,Telangana,Karimnagar,18.36939,79.037488,IndusInd Bank,20
ATM_01158,Telangana,Hyderabad,17.40447,78.47242,IndusInd Bank,35
ATM_01159,Telangana,Karimnagar,18.377852,79.152536,SBI,20
ATM_01160,Telangana,Karimnagar,18.438469,79.097926,PNB,20
ATM_01161,Telangana,Hyderabad,17.432204,78.4453,ICICI Bank,35
ATM_01162,Telangana,Karimnagar,18.44049,79.122971,IndusInd Bank,20
ATM_01163,Telangana,Nizamabad,18.661669,78.127131,Kotak Mahindra Bank,18
ATM_01164,Telangana,Warangal,17.884569,79.530407,Kotak Mahindra Bank,20
ATM_01165,Telangana,Warangal,17.93215,79.601066,Canara Bank,20
ATM_01166,Telangana,Nizamabad,18.686208,78.043821,HDFC Bank,18
ATM_01167,Telangana,Nizamabad,18.672819,78.081582,SBI,18
ATM_01168,Telangana,Nizamabad,18.652845,78.079697,HDFC Bank,18
ATM_01169,Telangana,Warangal,17.939082,79.50101,HDFC Bank,20
ATM_01170,Telangana,Hyderabad,17.376473,78.47498,Axis Bank,35
ATM_01171,Telangana,Karimnagar,18.449905,79.16792,Bank of Baroda,20
ATM_01172,Telangana,Karimnagar,18.407381,79.14615,Axis Bank,20
ATM_01173,Telangana,Hyderabad,17.390904,78.602286,Canara Bank,35
ATM_01174,Telangana,Karimnagar,18.414546,79.15823,Union Bank,20
ATM_01175,Telangana,Hyderabad,17.338304,78.505313,Axis Bank,35
ATM_01176,Telangana,Warangal,18.000864,79.614906,SBI,20
ATM_01177,Telangana,Karimnagar,18.404437,79.128406,Bank of Baroda,20
ATM_01178,Telangana,Nizamabad,18.619383,78.050047,Canara Bank,18
ATM_01179,Telangana,Warangal,17.964414,79.529613,Union Bank,20
ATM_01180,Telangana,Nizamabad,18.635362,78.054236,ICICI Bank,18
ATM_01181,Telangana,Warangal,17.94988,79.621001,Bank of Baroda,20
ATM_01182,Telangana,Warangal,17.904381,79.676823,Kotak Mahindra Bank,20
ATM_01183,Telangana,Karimnagar,18.44619,79.17984,PNB,20
ATM_01184,Telangana,Hyderabad,17.373087,78.459174,IndusInd Bank,35
ATM_01185,Telangana,Nizamabad,18.689159,78.041511,Kotak Mahindra Bank,18
ATM_01186,Telangana,Nizamabad,18.661308,78.177399,Kotak Mahindra Bank,18
ATM_01187,Telangana,Hyderabad,17.384536,78.528704,ICICI Bank,35
ATM_01188,Telangana,Hyderabad,17.458013,78.473523,SBI,35
ATM_01189,Telangana,Nizamabad,18.693342,78.12286,Kotak Mahindra Bank,18
ATM_01190,Telangana,Warangal,17.979372,79.524702,Axis Bank,20
ATM_01191,Telangana,Warangal,18.074754,79.612283,SBI,20
ATM_01192,Uttarakhand,Haridwar,29.991877,78.09009,SBI,9
ATM_01193,Uttarakhand,Dehradun,30.297792,78.058686,Canara Bank,5
ATM_01194,Uttarakhand,Dehradun,30.373705,78.032447,Canara Bank,5
ATM_01195,Uttarakhand,Haldwani,29.259813,79.42449,SBI,8
ATM_01196,Uttarakhand,Haridwar,29.929136,78.224279,Canara Bank,9
ATM_01197,Uttarakhand,Dehradun,30.364733,78.029525,Union Bank,5
ATM_01198,Uttarakhand,Haldwani,29.199971,79.509275,SBI,8
ATM_01199,Uttarakhand,Haridwar,29.983329,78.16907,SBI,9
ATM_01200,Uttarakhand,Haridwar,29.885982,78.194067,SBI,9
ATM_01201,Uttarakhand,Haldwani,29.155976,79.526864,Canara Bank,8
ATM_01202,Uttarakhand,Haridwar,29.823158,78.17275,Canara Bank,9
ATM_01203,Uttarakhand,Dehradun,30.340324,78.032056,PNB,5
ATM_01204,Uttarakhand,Dehradun,30.290999,78.054928,Union Bank,5
ATM_01205,Uttarakhand,Haridwar,30.018461,78.237066,HDFC Bank,9
ATM_01206,Uttarakhand,Haldwani,29.203122,79.56879,SBI,8
ATM_01207,Uttarakhand,Haridwar,29.910845,78.207094,Canara Bank,9
ATM_01208,Uttarakhand,Haridwar,30.002679,78.13925,PNB,9
ATM_01209,Uttarakhand,Haldwani,29.21937,79.564504,Kotak Mahindra Bank,8
ATM_01210,Uttarakhand,Haridwar,29.971759,78.211106,ICICI Bank,9
ATM_01211,Uttarakhand,Haldwani,29.194413,79.576321,SBI,8
ATM_01212,Uttarakhand,Haldwani,29.186729,79.497922,Union Bank,8
ATM_01213,Uttarakhand,Haldwani,29.138441,79.508867,Kotak Mahindra Bank,8
ATM_01214,Uttar Pradesh,Agra,27.152531,77.928966,Canara Bank,26
ATM_01215,Uttar Pradesh,Prayagraj,25.380939,81.848172,HDFC Bank,27
ATM_01216,Uttar Pradesh,Ghaziabad,28.750841,77.50449,Union Bank,28
ATM_01217,Uttar Pradesh,Lucknow,26.846556,80.966225,HDFC Bank,30
ATM_01218,Uttar Pradesh,Prayagraj,25.399662,81.924489,Kotak Mahindra Bank,27
ATM_01219,Uttar Pradesh,Varanasi,25.359203,82.919012,Axis Bank,40
ATM_01220,Uttar Pradesh,Prayagraj,25.414453,81.869757,ICICI Bank,27
ATM_01221,Uttar Pradesh,Varanasi,25.312113,82.964394,Union Bank,40
ATM_01222,Uttar Pradesh,Varanasi,25.362731,82.999821,ICICI Bank,40
ATM_01223,Uttar Pradesh,Kanpur Nagar,26.475991,80.332801,IndusInd Bank,37
ATM_01224,Uttar Pradesh,Gautam Buddha Nagar,28.575638,77.406674,IndusInd Bank,32
ATM_01225,Uttar Pradesh,Agra,27.146442,77.940538,Canara Bank,26
ATM_01226,Uttar Pradesh,Varanasi,25.305297,82.925612,SBI,40
ATM_01227,Uttar Pradesh,Ghaziabad,28.608639,77.448171,Union Bank,28
ATM_01228,Uttar Pradesh,Lucknow,26.827336,80.883153,Axis Bank,30
ATM_01229,Uttar Pradesh,Prayagraj,25.358363,81.870588,HDFC Bank,27
ATM_01230,Uttar Pradesh,Gautam Buddha Nagar,28.551192,77.376802,HDFC Bank,32
ATM_01231,Uttar Pradesh,Gautam Buddha Nagar,28.50097,77.400645,Canara Bank,32
ATM_01232,Uttar Pradesh,Meerut,28.895527,77.763869,HDFC Bank,31
ATM_01233,Uttar Pradesh,Ghaziabad,28.706349,77.373125,Axis Bank,28
ATM_01234,Uttar Pradesh,Varanasi,25.288871,82.963926,SBI,40
ATM_01235,Uttar Pradesh,Agra,27.177294,78.020841,SBI,26
ATM_01236,Uttar Pradesh,Meerut,29.053235,77.681688,Kotak Mahindra Bank,31
ATM_01237,Uttar Pradesh,Gautam Buddha Nagar,28.470322,77.388373,Axis Bank,32
ATM_01238,Uttar Pradesh,Ghaziabad,28.689149,77.473277,SBI,28
ATM_01239,Uttar Pradesh,Varanasi,25.407181,82.931595,Axis Bank,40
ATM_01240,Uttar Pradesh,Agra,27.182465,77.938897,Axis Bank,26
ATM_01241,Uttar Pradesh,Varanasi,25.352997,82.96495,PNB,40
ATM_01242,Uttar Pradesh,Varanasi,25.313257,82.877929,ICICI Bank,40
ATM_01243,Uttar Pradesh,Gautam Buddha Nagar,28.581479,77.266235,PNB,32
ATM_01244,Uttar Pradesh,Ghaziabad,28.656808,77.483215,SBI,28
ATM_01245,Uttar Pradesh,Kanpur Nagar,26.496571,80.38859,Bank of Baroda,37
ATM_01246,Uttar Pradesh,Ghaziabad,28.639001,77.452867,SBI,28
ATM_01247,Uttar Pradesh,Agra,27.217844,78.043868,SBI,26
ATM_01248,Uttar Pradesh,Ghaziabad,28.700537,77.425581,Union Bank,28
ATM_01249,Uttar Pradesh,Meerut,29.024961,77.640148,Union Bank,31
ATM_01250,Uttar Pradesh,Kanpur Nagar,26.484536,80.370861,Axis Bank,37
ATM_01251,Uttar Pradesh,Gautam Buddha Nagar,28.576184,77.338532,IndusInd Bank,32
ATM_01252,Uttar Pradesh,Prayagraj,25.411533,81.833156,Kotak Mahindra Bank,27
ATM_01253,Uttar Pradesh,Prayagraj,25.529747,81.812646,Union Bank,27
ATM_01254,Uttar Pradesh,Kanpur Nagar,26.519185,80.354594,Union Bank,37
ATM_01255,Uttar Pradesh,Prayagraj,25.459205,81.841693,HDFC Bank,27
ATM_01256,Uttar Pradesh,Prayagraj,25.379661,81.809868,Kotak Mahindra Bank,27
ATM_01257,Uttar Pradesh,Kanpur Nagar,26.409503,80.362908,PNB,37
ATM_01258,Uttar Pradesh,Kanpur Nagar,26.466048,80.2531,HDFC Bank,37
ATM_01259,Uttar Pradesh,Kanpur Nagar,26.530558,80.337814,Bank of Baroda,37
ATM_01260,Uttar Pradesh,Varanasi,25.260111,82.967972,HDFC Bank,40
ATM_01261,Uttar Pradesh,Gautam Buddha Nagar,28.67254,77.365598,IndusInd Bank,32
ATM_01262,Uttar Pradesh,Meerut,28.991775,77.645594,IndusInd Bank,31
ATM_01263,Uttar Pradesh,Agra,27.137556,77.975926,Bank of Baroda,26
ATM_01264,Uttar Pradesh,Meerut,29.030784,77.689898,Union Bank,31
ATM_01265,Uttar Pradesh,Agra,27.232188,78.070224,Bank of Baroda,26
ATM_01266,Uttar Pradesh,Meerut,28.939244,77.703461,Union Bank,31
ATM_01267,Uttar Pradesh,Meerut,28.989349,77.679571,Kotak Mahindra Bank,31
ATM_01268,Uttar Pradesh,Ghaziabad,28.703412,77.488331,IndusInd Bank,28
ATM_01269,Uttar Pradesh,Gautam Buddha Nagar,28.494814,77.358692,Kotak Mahindra Bank,32
ATM_01270,Uttar Pradesh,Varanasi,25.319368,82.958436,ICICI Bank,40
ATM_01271,Uttar Pradesh,Gautam Buddha Nagar,28.526243,77.3699,SBI,32
ATM_01272,Uttar Pradesh,Varanasi,25.264343,82.951964,Bank of Baroda,40
ATM_01273,Uttar Pradesh,Kanpur Nagar,26.431327,80.352139,Bank of Baroda,37
ATM_01274,Uttar Pradesh,Lucknow,26.795202,80.992856,IndusInd Bank,30
ATM_01275,Uttar Pradesh,Prayagraj,25.429422,81.83895,Bank of Baroda,27
ATM_01276,Uttar Pradesh,Meerut,28.985412,77.623726,Axis Bank,31
ATM_01277,Uttar Pradesh,Lucknow,26.831949,80.965762,Axis Bank,30
ATM_01278,Uttar Pradesh,Agra,27.213298,78.053676,Axis Bank,26
ATM_01279,Uttar Pradesh,Varanasi,25.296785,82.964794,Union Bank,40
ATM_01280,Uttar Pradesh,Meerut,28.922782,77.73663,ICICI Bank,31
ATM_01281,Uttar Pradesh,Ghaziabad,28.661789,77.543772,Canara Bank,28
ATM_01282,Uttar Pradesh,Agra,27.195986,77.995994,PNB,26
ATM_01283,Uttar Pradesh,Varanasi,25.293648,83.024794,IndusInd Bank,40
ATM_01284,Uttar Pradesh,Kanpur Nagar,26.496903,80.316511,SBI,37
ATM_01285,Uttar Pradesh,Kanpur Nagar,26.47214,80.317985,Canara Bank,37
ATM_01286,Uttar Pradesh,Lucknow,26.872982,80.928922,PNB,30
ATM_01287,Uttar Pradesh,Agra,27.149819,77.991996,PNB,26
ATM_01288,Uttar Pradesh,Kanpur Nagar,26.420468,80.320222,Union Bank,37
ATM_01289,Uttar Pradesh,Kanpur Nagar,26.467979,80.33031,Kotak Mahindra Bank,37
ATM_01290,Uttar Pradesh,Varanasi,25.301493,82.939924,PNB,40
ATM_01291,Uttar Pradesh,Lucknow,26.820916,80.914338,ICICI Bank,30
ATM_01292,Uttar Pradesh,Kanpur Nagar,26.386765,80.323768,Canara Bank,37
ATM_01293,Uttar Pradesh,Varanasi,25.235312,82.896439,Kotak Mahindra Bank,40
ATM_01294,Uttar Pradesh,Agra,27.157953,78.054348,Kotak Mahindra Bank,26
ATM_01295,Uttar Pradesh,Kanpur Nagar,26.444358,80.403572,Kotak Mahindra Bank,37
ATM_01296,Uttar Pradesh,Meerut,29.012986,77.718754,Bank of Baroda,31
ATM_01297,Uttar Pradesh,Agra,27.262105,77.987794,Kotak Mahindra Bank,26
ATM_01298,Uttar Pradesh,Gautam Buddha Nagar,28.526616,77.416021,IndusInd Bank,32
ATM_01299,Uttar Pradesh,Prayagraj,25.471554,81.775632,Canara Bank,27
ATM_01300,Uttar Pradesh,Kanpur Nagar,26.456314,80.378224,Kotak Mahindra Bank,37
ATM_01301,Uttar Pradesh,Prayagraj,25.361662,81.768999,HDFC Bank,27
ATM_01302,Uttar Pradesh,Lucknow,26.892965,80.896086,HDFC Bank,30
ATM_01303,Uttar Pradesh,Lucknow,26.846735,80.992123,Bank of Baroda,30
ATM_01304,Uttar Pradesh,Meerut,28.96375,77.734301,Canara Bank,31
ATM_01305,Uttar Pradesh,Varanasi,25.360638,82.973056,Bank of Baroda,40
ATM_01306,Uttar Pradesh,Gautam Buddha Nagar,28.546745,77.437607,HDFC Bank,32
ATM_01307,Uttar Pradesh,Varanasi,25.331555,83.005296,Bank of Baroda,40
ATM_01308,Uttar Pradesh,Lucknow,26.860598,80.92537,HDFC Bank,30
ATM_01309,Uttar Pradesh,Varanasi,25.282149,82.930316,PNB,40
ATM_01310,Uttar Pradesh,Lucknow,26.848725,80.894125,Union Bank,30
ATM_01311,Uttar Pradesh,Lucknow,26.764168,80.968774,Bank of Baroda,30
ATM_01312,Uttar Pradesh,Ghaziabad,28.718373,77.510897,Canara Bank,28
ATM_01313,Uttar Pradesh,Varanasi,25.226575,82.977043,ICICI Bank,40
ATM_01314,Uttar Pradesh,Kanpur Nagar,26.401915,80.352523,SBI,37
ATM_01315,Uttar Pradesh,Varanasi,25.299277,83.051507,Union Bank,40
ATM_01316,Uttar Pradesh,Gautam Buddha Nagar,28.528336,77.372863,Union Bank,32
ATM_01317,Uttar Pradesh,Kanpur Nagar,26.404891,80.378258,HDFC Bank,37
ATM_01318,Uttar Pradesh,Lucknow,26.871237,80.958601,PNB,30
ATM_01319,Uttar Pradesh,Gautam Buddha Nagar,28.465753,77.365359,Axis Bank,32
ATM_01320,Uttar Pradesh,Lucknow,26.925114,80.893592,ICICI Bank,30
ATM_01321,Uttar Pradesh,Prayagraj,25.41532,81.903725,Canara Bank,27
ATM_01322,Uttar Pradesh,Prayagraj,25.504862,81.905536,Axis Bank,27
ATM_01323,Uttar Pradesh,Kanpur Nagar,26.472161,80.389836,ICICI Bank,37
ATM_01324,Uttar Pradesh,Kanpur Nagar,26.476977,80.381035,Bank of Baroda,37
ATM_01325,Uttar Pradesh,Ghaziabad,28.73213,77.472952,Canara Bank,28
ATM_01326,Uttar Pradesh,Kanpur Nagar,26.480455,80.275861,SBI,37
ATM_01327,Uttar Pradesh,Prayagraj,25.477844,81.780326,IndusInd Bank,27
ATM_01328,Uttar Pradesh,Meerut,29.03193,77.727839,Union Bank,31
ATM_01329,Uttar Pradesh,Gautam Buddha Nagar,28.615244,77.429149,ICICI Bank,32
ATM_01330,Uttar Pradesh,Varanasi,25.37981,82.988248,SBI,40
ATM_01331,Uttar Pradesh,Gautam Buddha Nagar,28.523736,77.428393,Canara Bank,32
ATM_01332,Uttar Pradesh,Meerut,28.926653,77.74942,IndusInd Bank,31
ATM_01333,Uttar Pradesh,Kanpur Nagar,26.499581,80.301038,Union Bank,37
ATM_01334,Uttar Pradesh,Kanpur Nagar,26.469654,80.375241,ICICI Bank,37
ATM_01335,Uttar Pradesh,Meerut,29.01688,77.682121,Axis Bank,31
ATM_01336,Uttar Pradesh,Gautam Buddha Nagar,28.507945,77.423322,IndusInd Bank,32
ATM_01337,Uttar Pradesh,Lucknow,26.929497,80.917523,IndusInd Bank,30
ATM_01338,Uttar Pradesh,Meerut,28.954136,77.731053,IndusInd Bank,31
ATM_01339,Uttar Pradesh,Lucknow,26.853858,80.969797,PNB,30
ATM_01340,Uttar Pradesh,Varanasi,25.274164,82.937391,PNB,40
ATM_01341,Uttar Pradesh,Agra,27.036324,78.00217,HDFC Bank,26
ATM_01342,Uttar Pradesh,Lucknow,26.792814,80.936053,Kotak Mahindra Bank,30
ATM_01343,Uttar Pradesh,Kanpur Nagar,26.389398,80.264446,IndusInd Bank,37
ATM_01344,Uttar Pradesh,Prayagraj,25.409753,81.876968,Kotak Mahindra Bank,27
ATM_01345,Uttar Pradesh,Ghaziabad,28.609367,77.478732,Canara Bank,28
ATM_01346,Uttar Pradesh,Meerut,29.015478,77.773698,Kotak Mahindra Bank,31
ATM_01347,Uttar Pradesh,Agra,27.167429,77.953761,IndusInd Bank,26
ATM_01348,Uttar Pradesh,Lucknow,26.929523,80.931425,ICICI Bank,30
ATM_01349,Uttar Pradesh,Lucknow,26.791092,80.929031,Axis Bank,30
ATM_01350,Uttar Pradesh,Varanasi,25.292255,82.952579,SBI,40
ATM_01351,Uttar Pradesh,Meerut,28.959451,77.699914,Bank of Baroda,31
ATM_01352,Uttar Pradesh,Varanasi,25.299666,82.984685,Axis Bank,40
ATM_01353,Uttar Pradesh,Gautam Buddha Nagar,28.497263,77.451295,Union Bank,32
ATM_01354,Uttar Pradesh,Meerut,28.974,77.683541,ICICI Bank,31
ATM_01355,Uttar Pradesh,Gautam Buddha Nagar,28.498496,77.358611,Kotak Mahindra Bank,32
ATM_01356,Uttar Pradesh,Ghaziabad,28.77707,77.450476,Bank of Baroda,28
ATM_01357,Uttar Pradesh,Varanasi,25.266339,82.989722,HDFC Bank,40
ATM_01358,Uttar Pradesh,Kanpur Nagar,26.48232,80.202397,IndusInd Bank,37
ATM_01359,Uttar Pradesh,Prayagraj,25.352221,81.830123,HDFC Bank,27
ATM_01360,Uttar Pradesh,Ghaziabad,28.701346,77.412479,Axis Bank,28
ATM_01361,Uttar Pradesh,Kanpur Nagar,26.432748,80.327254,HDFC Bank,37
ATM_01362,Uttar Pradesh,Ghaziabad,28.669765,77.418964,IndusInd Bank,28
ATM_01363,Uttar Pradesh,Prayagraj,25.485094,81.84958,Kotak Mahindra Bank,27
ATM_01364,Uttar Pradesh,Meerut,29.03518,77.65199,Kotak Mahindra Bank,31
ATM_01365,Uttar Pradesh,Kanpur Nagar,26.435108,80.287517,ICICI Bank,37
ATM_01366,Uttar Pradesh,Prayagraj,25.498,81.864294,ICICI Bank,27
ATM_01367,Uttar Pradesh,Lucknow,26.823786,80.968329,SBI,30
ATM_01368,Uttar Pradesh,Agra,27.221559,78.009966,HDFC Bank,26
ATM_01369,Uttar Pradesh,Gautam Buddha Nagar,28.58648,77.362151,Axis Bank,32
ATM_01370,Uttar Pradesh,Prayagraj,25.427452,81.784922,Axis Bank,27
ATM_01371,Uttar Pradesh,Kanpur Nagar,26.537319,80.300751,Canara Bank,37
ATM_01372,Uttar Pradesh,Meerut,28.986882,77.612967,Bank of Baroda,31
ATM_01373,Uttar Pradesh,Meerut,28.939422,77.789117,Kotak Mahindra Bank,31
ATM_01374,Uttar Pradesh,Agra,27.107885,78.028975,ICICI Bank,26
ATM_01375,Uttar Pradesh,Gautam Buddha Nagar,28.539291,77.362555,PNB,32
ATM_01376,Uttar Pradesh,Kanpur Nagar,26.41199,80.346009,SBI,37
ATM_01377,Uttar Pradesh,Ghaziabad,28.670556,77.44592,HDFC Bank,28
ATM_01378,Uttar Pradesh,Gautam Buddha Nagar,28.574034,77.37045,Kotak Mahindra Bank,32
ATM_01379,Uttar Pradesh,Ghaziabad,28.704399,77.571471,HDFC Bank,28
ATM_01380,Uttar Pradesh,Kanpur Nagar,26.40225,80.345948,PNB,37
ATM_01381,Uttar Pradesh,Prayagraj,25.485742,81.858537,SBI,27
ATM_01382,Uttar Pradesh,Kanpur Nagar,26.455778,80.366249,Axis Bank,37
ATM_01383,Uttar Pradesh,Gautam Buddha Nagar,28.496628,77.409351,HDFC Bank,32
ATM_01384,Uttar Pradesh,Gautam Buddha Nagar,28.521514,77.460412,Bank of Baroda,32
ATM_01385,Uttar Pradesh,Lucknow,26.827632,80.890859,Axis Bank,30
ATM_01386,Uttar Pradesh,Lucknow,26.828225,80.929409,SBI,30
ATM_01387,Uttar Pradesh,Agra,27.259473,78.076162,ICICI Bank,26
ATM_01388,Uttar Pradesh,Varanasi,25.345639,82.968447,HDFC Bank,40
ATM_01389,Uttar Pradesh,Ghaziabad,28.638545,77.465368,SBI,28
ATM_01390,Uttar Pradesh,Varanasi,25.303766,82.941346,Bank of Baroda,40
ATM_01391,Uttar Pradesh,Ghaziabad,28.594601,77.384654,Axis Bank,28
ATM_01392,Uttar Pradesh,Varanasi,25.413554,82.992266,HDFC Bank,40
ATM_01393,Uttar Pradesh,Varanasi,25.255554,82.978539,Canara Bank,40
ATM_01394,Uttar Pradesh,Lucknow,26.774516,80.952118,IndusInd Bank,30
ATM_01395,Uttar Pradesh,Meerut,28.943317,77.758835,HDFC Bank,31
ATM_01396,Uttar Pradesh,Kanpur Nagar,26.499043,80.306381,SBI,37
ATM_01397,Uttar Pradesh,Meerut,29.048456,77.696685,Kotak Mahindra Bank,31
ATM_01398,Uttar Pradesh,Ghaziabad,28.694023,77.428432,ICICI Bank,28
ATM_01399,Uttar Pradesh,Agra,27.230847,77.988258,SBI,26
ATM_01400,Uttar Pradesh,Prayagraj,25.416485,81.800843,ICICI Bank,27
ATM_01401,Uttar Pradesh,Lucknow,26.890561,80.959695,SBI,30
ATM_01402,Uttar Pradesh,Varanasi,25.397195,82.932293,Canara Bank,40
ATM_01403,Uttar Pradesh,Lucknow,26.860757,80.966649,Union Bank,30
ATM_01404,Uttar Pradesh,Varanasi,25.303987,82.957513,IndusInd Bank,40
ATM_01405,Uttar Pradesh,Kanpur Nagar,26.388012,80.334714,Axis Bank,37
ATM_01406,Uttar Pradesh,Meerut,28.948128,77.688907,ICICI Bank,31
ATM_01407,Uttar Pradesh,Meerut,28.970211,77.696279,Kotak Mahindra Bank,31
ATM_01408,Uttar Pradesh,Prayagraj,25.455803,81.88355,PNB,27
ATM_01409,Uttar Pradesh,Gautam Buddha Nagar,28.505019,77.36564,Kotak Mahindra Bank,32
ATM_01410,Uttar Pradesh,Gautam Buddha Nagar,28.523987,77.373408,Axis Bank,32
ATM_01411,Uttar Pradesh,Gautam Buddha Nagar,28.59983,77.317682,Bank of Baroda,32
ATM_01412,Uttar Pradesh,Varanasi,25.306628,82.938232,HDFC Bank,40
ATM_01413,Uttar Pradesh,Kanpur Nagar,26.393894,80.352819,IndusInd Bank,37
ATM_01414,Uttar Pradesh,Prayagraj,25.407288,81.854233,PNB,27
ATM_01415,Uttar Pradesh,Prayagraj,25.354767,81.790339,ICICI Bank,27
ATM_01416,Uttar Pradesh,Meerut,28.988198,77.676777,ICICI Bank,31
ATM_01417,Uttar Pradesh,Meerut,28.94041,77.760339,IndusInd Bank,31
ATM_01418,Uttar Pradesh,Agra,27.193379,78.022528,PNB,26
ATM_01419,Uttar Pradesh,Prayagraj,25.393005,81.894919,ICICI Bank,27
ATM_01420,Uttar Pradesh,Meerut,28.95682,77.73008,IndusInd Bank,31
ATM_01421,Uttar Pradesh,Gautam Buddha Nagar,28.512951,77.337434,PNB,32
ATM_01422,Uttar Pradesh,Kanpur Nagar,26.421852,80.373062,Canara Bank,37
ATM_01423,Uttar Pradesh,Gautam Buddha Nagar,28.473648,77.348589,PNB,32
ATM_01424,Uttar Pradesh,Varanasi,25.290228,82.934511,IndusInd Bank,40
ATM_01425,Uttar Pradesh,Gautam Buddha Nagar,28.489168,77.439529,Kotak Mahindra Bank,32
ATM_01426,Uttar Pradesh,Varanasi,25.365197,82.977675,ICICI Bank,40
ATM_01427,Uttar Pradesh,Lucknow,26.758253,80.908511,Kotak Mahindra Bank,30
ATM_01428,Uttar Pradesh,Kanpur Nagar,26.46184,80.35385,HDFC Bank,37
ATM_01429,Uttar Pradesh,Meerut,28.965955,77.758137,Axis Bank,31
ATM_01430,Uttar Pradesh,Agra,27.197936,77.904946,Bank of Baroda,26
ATM_01431,Uttar Pradesh,Ghaziabad,28.579415,77.428199,Axis Bank,28
ATM_01432,Uttar Pradesh,Varanasi,25.289434,83.037506,SBI,40
ATM_01433,Uttar Pradesh,Agra,27.09646,77.957878,IndusInd Bank,26
ATM_01434,Uttar Pradesh,Ghaziabad,28.657192,77.446259,IndusInd Bank,28
ATM_01435,Uttar Pradesh,Lucknow,26.887701,80.897523,Kotak Mahindra Bank,30
ATM_01436,Uttar Pradesh,Agra,27.221595,78.030719,ICICI Bank,26
ATM_01437,Uttar Pradesh,Varanasi,25.31476,82.968638,PNB,40
ATM_01438,Uttar Pradesh,Varanasi,25.334608,82.972156,ICICI Bank,40
ATM_01439,Uttar Pradesh,Meerut,28.9609,77.71489,PNB,31
ATM_01440,Uttar Pradesh,Varanasi,25.317149,82.955367,Union Bank,40
ATM_01441,Uttar Pradesh,Gautam Buddha Nagar,28.513608,77.395913,HDFC Bank,32
ATM_01442,Uttar Pradesh,Gautam Buddha Nagar,28.539883,77.341765,Canara Bank,32
ATM_01443,Uttar Pradesh,Lucknow,26.871761,80.961007,Bank of Baroda,30
ATM_01444,Uttar Pradesh,Kanpur Nagar,26.435804,80.353345,Union Bank,37
ATM_01445,Uttar Pradesh,Meerut,29.041954,77.744793,ICICI Bank,31
ATM_01446,Uttar Pradesh,Ghaziabad,28.678726,77.487946,SBI,28
ATM_01447,Uttar Pradesh,Agra,27.202191,77.989614,PNB,26
ATM_01448,Uttar Pradesh,Varanasi,25.353284,83.002661,Axis Bank,40
ATM_01449,Uttar Pradesh,Gautam Buddha Nagar,28.559124,77.352863,PNB,32
ATM_01450,Uttar Pradesh,Varanasi,25.322139,82.973207,SBI,40
ATM_01451,Uttar Pradesh,Ghaziabad,28.695195,77.483544,Kotak Mahindra Bank,28
ATM_01452,Uttar Pradesh,Lucknow,26.89588,80.959496,SBI,30
ATM_01453,Uttar Pradesh,Prayagraj,25.48379,81.799311,HDFC Bank,27
ATM_01454,Uttar Pradesh,Lucknow,26.781844,80.954164,Bank of Baroda,30
ATM_01455,Uttar Pradesh,Prayagraj,25.454896,81.933425,Union Bank,27
ATM_01456,Uttar Pradesh,Ghaziabad,28.613126,77.477229,Axis Bank,28
ATM_01457,Uttar Pradesh,Ghaziabad,28.677306,77.450551,Kotak Mahindra Bank,28
ATM_01458,Uttar Pradesh,Agra,27.181122,77.99445,HDFC Bank,26
ATM_01459,Uttar Pradesh,Agra,27.170551,78.005872,SBI,26
ATM_01460,Uttar Pradesh,Lucknow,26.789498,80.949003,Union Bank,30
ATM_01461,Uttar Pradesh,Ghaziabad,28.734378,77.482835,Union Bank,28
ATM_01462,Uttar Pradesh,Ghaziabad,28.679116,77.44261,ICICI Bank,28
ATM_01463,Uttar Pradesh,Agra,27.139315,77.978279,HDFC Bank,26
ATM_01464,Uttar Pradesh,Kanpur Nagar,26.472355,80.307572,HDFC Bank,37
ATM_01465,West Bengal,Asansol,23.645186,87.103631,SBI,10
ATM_01466,West Bengal,Asansol,23.64725,87.14433,Kotak Mahindra Bank,10
ATM_01467,West Bengal,Siliguri,26.733579,88.411065,Axis Bank,12
ATM_01468,West Bengal,Siliguri,26.72678,88.40153,HDFC Bank,12
ATM_01469,West Bengal,Siliguri,26.719075,88.444678,Union Bank,12
ATM_01470,West Bengal,Durgapur,23.514182,87.340391,Canara Bank,8
ATM_01471,West Bengal,Asansol,23.635829,87.096812,IndusInd Bank,10
ATM_01472,West Bengal,Kolkata,22.601753,88.374054,Union Bank,6
ATM_01473,West Bengal,Asansol,23.647557,87.071358,Union Bank,10
ATM_01474,West Bengal,Kolkata,22.558846,88.383474,HDFC Bank,6
ATM_01475,West Bengal,Kolkata,22.582067,88.295283,Canara Bank,6
ATM_01476,West Bengal,Durgapur,23.529134,87.308857,Bank of Baroda,8
ATM_01477,West Bengal,Asansol,23.609823,87.208441,Bank of Baroda,10
ATM_01478,West Bengal,Asansol,23.695232,87.049151,Bank of Baroda,10
ATM_01479,West Bengal,Siliguri,26.665702,88.382437,SBI,12
ATM_01480,West Bengal,Siliguri,26.739329,88.362122,Kotak Mahindra Bank,12
ATM_01481,West Bengal,Durgapur,23.56477,87.317175,Union Bank,8
ATM_01482,West Bengal,Siliguri,26.754361,88.386212,SBI,12
ATM_01483,West Bengal,Durgapur,23.59454,87.402681,PNB,8
ATM_01484,West Bengal,Kolkata,22.563681,88.290004,Canara Bank,6
ATM_01485,West Bengal,Durgapur,23.523664,87.406651,Canara Bank,8
ATM_01486,West Bengal,Kolkata,22.550014,88.367036,Kotak Mahindra Bank,6
ATM_01487,West Bengal,Asansol,23.669539,87.173862,Axis Bank,10
ATM_01488,West Bengal,Siliguri,26.63408,88.379654,Axis Bank,12
ATM_01489,West Bengal,Durgapur,23.523014,87.271389,Union Bank,8
ATM_01490,West Bengal,Durgapur,23.507834,87.292892,HDFC Bank,8
ATM_01491,West Bengal,Durgapur,23.441601,87.291068,Axis Bank,8
ATM_01492,West Bengal,Siliguri,26.722728,88.398138,ICICI Bank,12
ATM_01493,West Bengal,Siliguri,26.751106,88.413923,SBI,12
ATM_01494,West Bengal,Siliguri,26.734112,88.368462,ICICI Bank,12
ATM_01495,West Bengal,Siliguri,26.755628,88.396189,Bank of Baroda,12
ATM_01496,West Bengal,Asansol,23.637144,87.141507,SBI,10
ATM_01497,West Bengal,Asansol,23.678421,87.13002,HDFC Bank,10
ATM_01498,West Bengal,Kolkata,22.521932,88.399434,HDFC Bank,6
ATM_01499,West Bengal,Asansol,23.611018,87.13406,IndusInd Bank,10
ATM_01500,West Bengal,Siliguri,26.77054,88.366869,Axis Bank,12
