date,complaint_count,weekday,is_spike_day
2026-01-01,9406,Thursday,False
2026-01-02,9428,Friday,False
2026-01-03,7526,Saturday,False
2026-01-04,7523,Sunday,False
2026-01-05,9372,Monday,False
2026-01-06,9336,Tuesday,False
2026-01-07,9409,Wednesday,False
2026-01-08,9400,Thursday,False
2026-01-09,9418,Friday,False
2026-01-10,11285,Saturday,True
2026-01-11,7520,Sunday,False
2026-01-12,9447,Monday,False
2026-01-13,9417,Tuesday,False
2026-01-14,9441,Wednesday,False
2026-01-15,9437,Thursday,False
2026-01-16,9432,Friday,False
2026-01-17,7495,Saturday,False
2026-01-18,7501,Sunday,False
2026-01-19,9434,Monday,False
2026-01-20,13170,Tuesday,True
2026-01-21,9425,Wednesday,False
2026-01-22,9378,Thursday,False
2026-01-23,9361,Friday,False
2026-01-24,7551,Saturday,False
2026-01-25,7494,Sunday,False
2026-01-26,15032,Monday,True
2026-01-27,9394,Tuesday,False
2026-01-28,9406,Wednesday,False
2026-01-29,9385,Thursday,False
2026-01-30,9396,Friday,False
