atm_id,bank,city,state,atm_latitude,atm_longitude,base_activity,risk_factor
ATM_00001,Union Bank of India,Ahmedabad,Gujarat,22.994988275541804,72.59717165362252,76.48389782765341,0.3097774732702404
ATM_00002,Canara Bank,Bhubaneswar,Odisha,20.236209678672303,85.93158292161083,51.66654057966088,0.180350414287884
ATM_00003,Union Bank of India,Patna,Bihar,25.49355185551277,85.11295982875184,41.50368991342556,0.1104932580161498
ATM_00004,Union Bank of India,Pune,Maharashtra,18.4962690601776,73.86490824099204,18.640548063097697,0.2268526189451653
ATM_00005,Indian Bank,Bhopal,Madhya Pradesh,23.2610110913306,77.39121035431982,23.98298817873596,0.6389059701703222
ATM_00006,Canara Bank,Bhopal,Madhya Pradesh,23.271003945078235,77.37420117490285,19.9290869550814,0.2431391535156832
ATM_00007,ICICI Bank,Chennai,Tamil Nadu,13.055480863773742,80.2762461294855,28.13655438108569,0.2159680460480785
ATM_00008,Bank of Baroda,Ahmedabad,Gujarat,22.992487307494702,72.61877199105233,58.80319403870863,0.2485571743584797
ATM_00009,Canara Bank,Mumbai,Maharashtra,19.04591466938853,72.97031390922545,16.590249533039465,0.2374704597128737
ATM_00010,State Bank of India,Bhopal,Madhya Pradesh,23.233217559807876,77.41232360688399,6.324551773447904,0.5319284493276698
ATM_00011,Punjab National Bank,Chennai,Tamil Nadu,13.111005641339052,80.23547732748118,38.35112090515616,0.3904389243462244
ATM_00012,HDFC Bank,Hyderabad,Telangana,17.31859069755508,78.49654306179346,13.194631789655071,0.1697375890428857
ATM_00013,Axis Bank,Lucknow,Uttar Pradesh,26.73778328765881,80.89450517958826,69.848328874736,0.204026175015018
ATM_00014,Canara Bank,Durgapur,West Bengal,23.47504067099263,87.37133128632152,23.136545404521385,0.2549263267105989
ATM_00015,HDFC Bank,Bhopal,Madhya Pradesh,23.254117585880586,77.39754481522053,13.867190934415811,0.2890608269629373
ATM_00016,Bank of India,Ranchi,Jharkhand,23.32106806145201,85.36245611131095,70.79881586122394,0.1407896901376907
ATM_00017,ICICI Bank,Bhubaneswar,Odisha,20.32520613973565,85.86888742297967,60.63999188999168,0.1884686348827569
ATM_00018,Canara Bank,Kolkata,West Bengal,22.53063912383887,88.34843938120744,29.034126805852534,0.5651992012277928
ATM_00019,Canara Bank,Jaipur,Rajasthan,26.836992335522627,75.84228234878924,6.958404825802621,0.5441384134079766
ATM_00020,Union Bank of India,Ahmedabad,Gujarat,23.083108617106657,72.63307484022715,19.757332379392768,0.2074958132489381
ATM_00021,Bank of Baroda,Hyderabad,Telangana,17.381399493920984,78.5368766448946,8.182405203891918,0.1937947313120766
ATM_00022,Indian Bank,Ranchi,Jharkhand,23.39274817668779,85.3493797731948,35.963732348147445,0.3917365978571069
ATM_00023,Bank of India,Ahmedabad,Gujarat,23.020708698044505,72.6496321827907,18.879314166043176,0.0549042835324885
ATM_00024,ICICI Bank,Ranchi,Jharkhand,23.32416808049924,85.30655679562626,26.219868990864462,0.513200034727355
ATM_00025,Axis Bank,Ranchi,Jharkhand,23.34110913681692,85.35765868832092,67.33948994128508,0.1680138488305095
ATM_00026,Axis Bank,Durgapur,West Bengal,23.535282522425412,87.26049421147061,17.991915816368245,0.3498451382963249
ATM_00027,Punjab National Bank,Bhubaneswar,Odisha,20.285491928914418,85.80315656029802,35.07757967125804,0.0647089915680699
ATM_00028,Axis Bank,Bhopal,Madhya Pradesh,23.305670105885103,77.42903755548298,41.23493907610912,0.3992098512519557
ATM_00029,Canara Bank,Durgapur,West Bengal,23.50319597293443,87.34943929427946,52.13919023715978,0.3602074853627584
ATM_00030,State Bank of India,Bhopal,Madhya Pradesh,23.29610416257629,77.39981176815205,25.064365721968493,0.3368158164406375
ATM_00031,Punjab National Bank,Jaipur,Rajasthan,26.84493050133835,75.7363463607316,23.477048637279164,0.1256675155755714
ATM_00032,State Bank of India,Pune,Maharashtra,18.45490246563937,74.00388317082407,23.136622753509556,0.186745643052941
ATM_00033,Punjab National Bank,Kolkata,West Bengal,22.52725063872976,88.32303229224387,33.12682300135442,0.3090542956810058
ATM_00034,State Bank of India,Pune,Maharashtra,18.47324715957664,73.92689793693297,59.22355952348199,0.1611047165510067
ATM_00035,State Bank of India,Lucknow,Uttar Pradesh,26.750761439235045,80.94537430622755,22.47974333124914,0.156019393834899
ATM_00036,HDFC Bank,Pune,Maharashtra,18.525517384127483,73.83506953597261,3.437480125622898,0.4891720840330514
ATM_00037,HDFC Bank,Bhopal,Madhya Pradesh,23.250281951760943,77.42767736711667,43.86489078504258,0.0405952160464261
ATM_00038,Canara Bank,Bengaluru,Karnataka,12.988591048209331,77.59423099250277,27.77564787142556,0.5013100171730703
ATM_00039,State Bank of India,Chennai,Tamil Nadu,13.071983775837191,80.2362402894768,36.01037897499622,0.125480123667906
ATM_00040,HDFC Bank,Ranchi,Jharkhand,23.33723544981604,85.37966607823468,8.42363110130957,0.3783262469877855
ATM_00041,State Bank of India,Hyderabad,Telangana,17.445902521887827,78.46722709878482,18.926676488391607,0.3222129037148611
ATM_00042,ICICI Bank,Jaipur,Rajasthan,26.862873183743467,75.75898511351987,41.853453466410414,0.1213622535720952
ATM_00043,Indian Bank,Chennai,Tamil Nadu,13.027862385071142,80.236584921804,10.980792315311758,0.164766719941082
ATM_00044,Canara Bank,Kolkata,West Bengal,22.54579199499105,88.41872644282475,35.03164116059612,0.4210690230658028
ATM_00045,Canara Bank,Chennai,Tamil Nadu,13.075526888518466,80.30155018878577,26.08886781337911,0.2230656431040991
ATM_00046,Bank of India,Mumbai,Maharashtra,19.100098956950145,72.92402281793102,16.379679519858243,0.7475416808203147
ATM_00047,Indian Bank,Jaipur,Rajasthan,26.922682506700337,75.7151258324152,15.503017154297549,0.1765326311521286
ATM_00048,Bank of India,Kolkata,West Bengal,22.541319185238358,88.33777692602337,13.28027116949896,0.1693998756977423
ATM_00049,Bank of Baroda,Chennai,Tamil Nadu,13.00232583827194,80.27993169292662,27.686628964032675,0.1012367631091599
ATM_00050,Bank of India,Bengaluru,Karnataka,12.964252730353982,77.60363114868701,29.65296309149093,0.1552197678852778
ATM_00051,Axis Bank,Kolkata,West Bengal,22.61340763614407,88.38748536457635,21.11094490232073,0.2516719879928031
ATM_00052,Axis Bank,Pune,Maharashtra,18.566433335785653,73.84536387722254,12.710801754723535,0.6988438963940432
ATM_00053,Bank of India,Patna,Bihar,25.636799889324745,85.22702969286628,34.44981044495634,0.1628761947287865
ATM_00054,ICICI Bank,Kolkata,West Bengal,22.565450453264624,88.26717149022495,44.31904014786517,0.035861074519571
ATM_00055,State Bank of India,Bhubaneswar,Odisha,20.332825053244,85.77677513690193,38.10908639238122,0.1868926162656133
ATM_00056,Union Bank of India,Durgapur,West Bengal,23.57832977895037,87.27086588408241,76.35184701504454,0.2802197590789023
ATM_00057,ICICI Bank,Ahmedabad,Gujarat,22.974505268394307,72.6266464109225,23.790096373362488,0.5039853388745347
ATM_00058,Punjab National Bank,Hyderabad,Telangana,17.340524278518725,78.44590948575173,56.00869955361952,0.2905356993774629
ATM_00059,HDFC Bank,Hyderabad,Telangana,17.428933677409546,78.47472027459031,17.44788165594587,0.2137032540043945
ATM_00060,State Bank of India,Bengaluru,Karnataka,13.108321107953088,77.5992882715076,15.62916959889046,0.1742040407701023
ATM_00061,Axis Bank,Bengaluru,Karnataka,12.971365200266323,77.51605940082362,28.720443228443035,0.3991960073625363
ATM_00062,Bank of Baroda,Kolkata,West Bengal,22.572020834010903,88.37342993525573,62.9687996092992,0.2659319496638474
ATM_00063,Bank of Baroda,Hyderabad,Telangana,17.37879338055592,78.52371704089738,22.179618823197583,0.4020401338219225
ATM_00064,Canara Bank,Ranchi,Jharkhand,23.30176031409658,85.23385763876571,8.418747036526419,0.1054043592980552
ATM_00065,Bank of India,Delhi,Delhi,28.567597669039426,77.18335173411822,43.84360390009093,0.1896220786800948
ATM_00066,Union Bank of India,Lucknow,Uttar Pradesh,26.85535904629256,80.96596586898644,25.41567903482408,0.3548328182831716
ATM_00067,Punjab National Bank,Durgapur,West Bengal,23.53194768614725,87.27145315543048,31.84883990490357,0.0785174307392475
ATM_00068,HDFC Bank,Ahmedabad,Gujarat,23.0254104359223,72.51425148510846,16.17756584556181,0.123504889954708
ATM_00069,Punjab National Bank,Lucknow,Uttar Pradesh,26.890322357883026,81.0000099272049,28.559461622192423,0.2413778454503063
ATM_00070,ICICI Bank,Ahmedabad,Gujarat,23.06775609799783,72.54120478137577,9.400355891156382,0.4688543103047804
ATM_00071,Axis Bank,Mumbai,Maharashtra,19.101752384315304,73.07033657453275,70.4459548469519,0.5491671814360513
ATM_00072,ICICI Bank,Delhi,Delhi,28.60563451927232,77.17464124123337,48.47787043729934,0.1320866566288173
ATM_00073,Canara Bank,Ahmedabad,Gujarat,23.025917562555197,72.55092955847142,27.790161275544516,0.2989363140201345
ATM_00074,Punjab National Bank,Ranchi,Jharkhand,23.34211819289802,85.2828668629075,43.157133306126696,0.5146805029932751
ATM_00075,Indian Bank,Lucknow,Uttar Pradesh,26.826061919340493,80.97648218259022,17.47761290715965,0.4008971368260078
ATM_00076,Bank of Baroda,Hyderabad,Telangana,17.402720979255985,78.39268437057737,47.26972790710255,0.2842255949831302
ATM_00077,Bank of Baroda,Delhi,Delhi,28.586835727918004,77.24784115022128,21.56488046888274,0.317544110113382
ATM_00078,Canara Bank,Ahmedabad,Gujarat,23.141951797869623,72.66357068791602,20.603305480554347,0.1384834698703489
ATM_00079,State Bank of India,Pune,Maharashtra,18.41914287066712,73.86602271573848,13.91282483247169,0.2009712364540103
ATM_00080,Canara Bank,Pune,Maharashtra,18.49817506278904,73.77324338204548,34.199370192484,0.2418896431622072
ATM_00081,Bank of Baroda,Lucknow,Uttar Pradesh,26.87194936394902,80.98998775970851,27.06412723372125,0.2295611941890383
ATM_00082,HDFC Bank,Delhi,Delhi,28.59718764544248,77.19310765467448,57.01481340453616,0.2156860757163646
ATM_00083,Canara Bank,Durgapur,West Bengal,23.52959277572048,87.34079485675494,12.808157762759835,0.1231095801822028
ATM_00084,ICICI Bank,Ranchi,Jharkhand,23.426873081268948,85.28645372889682,34.29020258381681,0.5160624858560737
ATM_00085,Punjab National Bank,Bhopal,Madhya Pradesh,23.20072134160277,77.42404852161152,51.13590720125381,0.2623139249573352
ATM_00086,State Bank of India,Jaipur,Rajasthan,26.878399783294103,75.77412970775664,95.24537051525483,0.2309942687514944
ATM_00087,Indian Bank,Durgapur,West Bengal,23.54259097140731,87.35063170267146,29.96856572305417,0.0959512859344814
ATM_00088,State Bank of India,Lucknow,Uttar Pradesh,26.684636632996543,80.89548061793329,21.30524946814289,0.340353357371217
ATM_00089,Indian Bank,Durgapur,West Bengal,23.42065192142212,87.24689035792032,29.51330419217442,0.1569467002743433
ATM_00090,Indian Bank,Hyderabad,Telangana,17.362997775665153,78.4932370288643,54.488622144198615,0.1620025771710848
ATM_00091,Union Bank of India,Lucknow,Uttar Pradesh,26.84679068055973,80.98449676408958,54.47593655010266,0.1945993531314553
ATM_00092,Canara Bank,Bengaluru,Karnataka,13.02023164334494,77.67182374193538,24.78470965465249,0.3889033363849212
ATM_00093,Axis Bank,Mumbai,Maharashtra,19.0794901042495,72.85843432015692,53.94865683467679,0.3240072686151163
ATM_00094,State Bank of India,Pune,Maharashtra,18.557855283848216,73.94714784145101,26.294973221674063,0.0569606868617727
ATM_00095,ICICI Bank,Delhi,Delhi,28.637960886421407,77.23235285863645,42.88413353811996,0.5068443274386882
ATM_00096,State Bank of India,Delhi,Delhi,28.627949593386752,77.17786502400898,36.628246718283165,0.3043925052678168
ATM_00097,Indian Bank,Lucknow,Uttar Pradesh,26.89094952335933,80.92347351256775,20.76722777651004,0.2972452247392276
ATM_00098,Axis Bank,Durgapur,West Bengal,23.490931762152787,87.35438010485105,14.261904896033002,0.1367056096153261
ATM_00099,Union Bank of India,Lucknow,Uttar Pradesh,26.89430055469233,81.01932751237312,51.89000337169415,0.4491401171221709
ATM_00100,Axis Bank,Chennai,Tamil Nadu,13.1051324337026,80.26676341581661,60.022893755733726,0.2518147960573942
ATM_00101,ICICI Bank,Lucknow,Uttar Pradesh,26.930615275491142,80.85297655625703,33.81780342783269,0.1695139260731264
ATM_00102,State Bank of India,Delhi,Delhi,28.583137739211526,77.22813997335754,26.273502280760507,0.0801464927057364
ATM_00103,Bank of Baroda,Ahmedabad,Gujarat,23.07468378226844,72.58284892690942,11.675072009832856,0.2325370523553835
ATM_00104,Bank of India,Bhopal,Madhya Pradesh,23.337542988791963,77.39062410622628,51.14330115641111,0.4841625365767797
ATM_00105,Punjab National Bank,Kolkata,West Bengal,22.63787394035772,88.36495019208164,31.5654012365388,0.1693257626556566
ATM_00106,Bank of India,Bhubaneswar,Odisha,20.28413876010651,85.86719873555339,22.65826927229144,0.0747789270014016
ATM_00107,Axis Bank,Kolkata,West Bengal,22.559047976885573,88.33324526585459,43.57544251381712,0.1852423234921943
ATM_00108,Bank of Baroda,Kolkata,West Bengal,22.5299370028981,88.36318597261474,10.172727727461218,0.1679635137045052
ATM_00109,Bank of Baroda,Kolkata,West Bengal,22.628777089084576,88.47106025940569,13.439836951562407,0.2763354949660545
ATM_00110,Bank of India,Chennai,Tamil Nadu,13.173383328793946,80.29092914475588,17.059657635652776,0.1309785515470798
ATM_00111,Punjab National Bank,Lucknow,Uttar Pradesh,26.851203629349083,80.95083652179004,35.96986706774955,0.1542500262093677
ATM_00112,Bank of India,Ahmedabad,Gujarat,22.950526920168315,72.55222562369026,29.708037133105574,0.0899353835301188
ATM_00113,Union Bank of India,Mumbai,Maharashtra,18.996917303719272,72.8816504507122,38.43252577364588,0.3465590425511273
ATM_00114,Canara Bank,Bhubaneswar,Odisha,20.35381771692045,85.80063091347124,49.20270177776317,0.1649902537464189
ATM_00115,ICICI Bank,Jaipur,Rajasthan,26.825235737639414,75.84077389760205,39.22660405700837,0.1454381844637113
ATM_00116,Indian Bank,Bhubaneswar,Odisha,20.370012605741124,85.78052660798767,71.27880944200216,0.451163889216197
ATM_00117,HDFC Bank,Lucknow,Uttar Pradesh,26.810483310232645,80.8529110680718,49.13838770880212,0.5292063498589319
ATM_00118,Union Bank of India,Bhopal,Madhya Pradesh,23.33940788595054,77.4361820977224,24.74876024172908,0.3771771971387949
ATM_00119,ICICI Bank,Bhubaneswar,Odisha,20.32383463971118,85.86115866823722,18.845253590566053,0.4977153092263308
ATM_00120,State Bank of India,Bhubaneswar,Odisha,20.26911273203377,85.75350191835041,25.2154169776719,0.4231845666292447
ATM_00121,Punjab National Bank,Jaipur,Rajasthan,26.895239938168444,75.81018382272144,40.01069391355799,0.2173364748969555
ATM_00122,Bank of Baroda,Lucknow,Uttar Pradesh,26.85790462409052,80.9473296200391,20.16863364756712,0.1054974346874186
ATM_00123,HDFC Bank,Chennai,Tamil Nadu,13.10638136938638,80.27341752889693,40.64232522743282,0.177115816076833
ATM_00124,State Bank of India,Ranchi,Jharkhand,23.416657180389752,85.35756354130426,38.03068401463853,0.1560104234247701
ATM_00125,Canara Bank,Bengaluru,Karnataka,12.926738183431937,77.67089149786254,14.12218393233951,0.3583027272484148
ATM_00126,Union Bank of India,Jaipur,Rajasthan,26.905235837064147,75.75726976593752,48.62235332896078,0.2382117203777517
ATM_00127,Axis Bank,Bhopal,Madhya Pradesh,23.21053853961635,77.38804182356253,33.12534744613141,0.0444376371349206
ATM_00128,Bank of Baroda,Lucknow,Uttar Pradesh,26.7790774722545,80.91877898152836,69.3558447393737,0.1774341564063493
ATM_00129,State Bank of India,Jaipur,Rajasthan,26.896231360049843,75.70429412897218,26.35080123975688,0.0810503458688375
ATM_00130,ICICI Bank,Jaipur,Rajasthan,26.959921191909302,75.75845481721689,22.01583429723161,0.2332597297899884
ATM_00131,Bank of Baroda,Bhubaneswar,Odisha,20.289960562542124,85.85694466206267,12.895600178370374,0.4563029734443914
ATM_00132,Bank of Baroda,Ranchi,Jharkhand,23.35120250459588,85.36145792324723,12.754057536395695,0.1109951227085874
ATM_00133,HDFC Bank,Ahmedabad,Gujarat,23.09247983239264,72.54902859878709,45.39005193554054,0.524107383079782
ATM_00134,Bank of India,Ranchi,Jharkhand,23.35887387622116,85.25473270657167,65.49015145575596,0.2494485341513156
ATM_00135,State Bank of India,Hyderabad,Telangana,17.397933345600514,78.54832571058681,24.997125089919727,0.3576596696917246
ATM_00136,Bank of Baroda,Mumbai,Maharashtra,19.09312284590037,72.97327648032548,24.003730770323983,0.1411241998676989
ATM_00137,Bank of Baroda,Hyderabad,Telangana,17.39332147679016,78.52707778158027,27.827049353248874,0.2562193556155805
ATM_00138,Bank of Baroda,Bengaluru,Karnataka,12.939386240991604,77.66239851926541,50.49567142682097,0.5239791499617252
ATM_00139,Axis Bank,Durgapur,West Bengal,23.48757355242656,87.2729459885376,14.208787536544296,0.4819498063691885
ATM_00140,HDFC Bank,Durgapur,West Bengal,23.537197437142705,87.33662046436248,30.7516869522142,0.2639644320402215
ATM_00141,ICICI Bank,Bhopal,Madhya Pradesh,23.08599153931817,77.39918684690252,45.97195583104835,0.223514158884564
ATM_00142,Bank of Baroda,Patna,Bihar,25.64095362601576,85.10913369347257,35.71502185880825,0.2764270470816738
ATM_00143,Canara Bank,Durgapur,West Bengal,23.507951792576044,87.36047854754771,2.4010371412603737,0.321129255341407
ATM_00144,ICICI Bank,Ranchi,Jharkhand,23.37378710879206,85.37024075368414,39.33868901483127,0.557406885681536
ATM_00145,ICICI Bank,Ahmedabad,Gujarat,23.07542122434248,72.48346302567884,35.91596301017726,0.1621890861748199
ATM_00146,State Bank of India,Ranchi,Jharkhand,23.362108450106778,85.39552996870069,55.9760888439331,0.154807479392052
ATM_00147,Indian Bank,Pune,Maharashtra,18.5072379143714,73.88344046450406,62.61040751289742,0.2096039228273493
ATM_00148,Indian Bank,Kolkata,West Bengal,22.62103142423137,88.39618663943617,54.41810052811961,0.1068665371877108
ATM_00149,Axis Bank,Pune,Maharashtra,18.5434368533782,73.88600528023618,27.917557630413977,0.36441921405229
ATM_00150,HDFC Bank,Pune,Maharashtra,18.52680205342792,73.83263308253602,8.128569336025842,0.069854215232803
ATM_00151,ICICI Bank,Bhubaneswar,Odisha,20.31487940339958,85.75592053101384,23.896348690895643,0.5752524381494896
ATM_00152,Union Bank of India,Ranchi,Jharkhand,23.289037404757646,85.33398366374617,27.385047679913825,0.2816515588456469
ATM_00153,HDFC Bank,Jaipur,Rajasthan,26.90926604513634,75.83505711602507,65.02864872952873,0.3794411536939451
ATM_00154,Punjab National Bank,Bhubaneswar,Odisha,20.269587119081372,85.78485635838689,16.286884402308548,0.0456596310029253
ATM_00155,Indian Bank,Bengaluru,Karnataka,13.055746323218647,77.7136818397254,10.39731739958703,0.3907392159198113
ATM_00156,Bank of India,Durgapur,West Bengal,23.52327370015121,87.19775987549795,20.252580453117744,0.3259029406210039
ATM_00157,Union Bank of India,Lucknow,Uttar Pradesh,26.87242944953453,81.00693175362879,16.882341085077492,0.3450841502829877
ATM_00158,State Bank of India,Durgapur,West Bengal,23.501447117690883,87.25892104268917,9.66321306014842,0.2370136739010705
ATM_00159,Union Bank of India,Lucknow,Uttar Pradesh,26.85560642128805,80.94848177299254,25.33244995644617,0.4243518655493258
ATM_00160,Union Bank of India,Hyderabad,Telangana,17.42343637460737,78.44768283229712,28.03568364647617,0.1288120009908881
ATM_00161,Canara Bank,Mumbai,Maharashtra,19.118570104618943,72.82830320771018,9.244170096140532,0.3299114686361586
ATM_00162,ICICI Bank,Durgapur,West Bengal,23.50248953997546,87.35699317185089,21.929299275878048,0.0667555305661823
ATM_00163,Indian Bank,Ranchi,Jharkhand,23.358783301180477,85.28516150882723,16.173290629722914,0.1057107830323264
ATM_00164,Indian Bank,Ahmedabad,Gujarat,22.96943686835267,72.53868133269435,6.270671943134165,0.5357995621053333
ATM_00165,ICICI Bank,Durgapur,West Bengal,23.604757081753625,87.35598198784747,28.58948317928843,0.1595713437757506
ATM_00166,Punjab National Bank,Jaipur,Rajasthan,26.868701294025747,75.78713520398364,30.30186019183456,0.1228798987176632
ATM_00167,ICICI Bank,Mumbai,Maharashtra,19.18022386152708,72.94724517480927,16.17547958464823,0.3099564477393267
ATM_00168,Indian Bank,Lucknow,Uttar Pradesh,26.80291908733076,80.87756001345178,48.37964551362381,0.5006741240171694
ATM_00169,Punjab National Bank,Mumbai,Maharashtra,19.07543862783102,72.79580029821433,27.016200582068038,0.1925333812435086
ATM_00170,Axis Bank,Bengaluru,Karnataka,12.940745479585656,77.53165789792239,16.69060248115196,0.6798139772747849
ATM_00171,Union Bank of India,Durgapur,West Bengal,23.490780303788057,87.268700461516,8.798931137274337,0.1658069239561412
ATM_00172,Punjab National Bank,Ahmedabad,Gujarat,23.062374210223915,72.57866020301427,31.27100528553369,0.445325731706341
ATM_00173,ICICI Bank,Hyderabad,Telangana,17.348799910169788,78.46007098488897,35.866642787756206,0.2871034665903474
ATM_00174,Union Bank of India,Durgapur,West Bengal,23.52536661527146,87.34946935616858,19.53057360928051,0.2051521024846308
ATM_00175,Punjab National Bank,Lucknow,Uttar Pradesh,26.893350607019418,80.90861325421362,29.13633122000416,0.3569482999794101
ATM_00176,State Bank of India,Lucknow,Uttar Pradesh,26.808537042172876,80.85645589496679,62.60874507410827,0.0872053159749631
ATM_00177,Indian Bank,Chennai,Tamil Nadu,13.05976903615285,80.25536418003391,44.15666526629556,0.23791157291652
ATM_00178,Axis Bank,Durgapur,West Bengal,23.552329622938867,87.22882399688655,4.702249508030596,0.2125906368597829
ATM_00179,HDFC Bank,Bhubaneswar,Odisha,20.26350819460989,85.82686993356582,16.56252439230051,0.3380474712276761
ATM_00180,Bank of Baroda,Pune,Maharashtra,18.49030156605518,73.89471255473177,24.580164457178174,0.2905275608427198
ATM_00181,Union Bank of India,Jaipur,Rajasthan,26.938890208895767,75.8593784310329,27.94144298059413,0.3479181328972756
ATM_00182,State Bank of India,Hyderabad,Telangana,17.296487840582905,78.43506854654828,29.516688633640115,0.4221996077051169
ATM_00183,Bank of India,Bengaluru,Karnataka,12.990157293668569,77.56440074066421,34.554142603552194,0.2424964231836355
ATM_00184,Union Bank of India,Mumbai,Maharashtra,19.100402203968937,72.95670670475377,25.08891060776517,0.3024763373927353
ATM_00185,ICICI Bank,Patna,Bihar,25.56437419736379,85.16701642592304,26.975665600349437,0.5685546252018754
ATM_00186,Indian Bank,Bengaluru,Karnataka,12.942912309984592,77.56056278627148,45.45594328706855,0.2939324011203272
ATM_00187,Bank of India,Durgapur,West Bengal,23.563956235171585,87.2955988233916,31.635554205321696,0.2371806947234474
ATM_00188,ICICI Bank,Mumbai,Maharashtra,19.063493869946274,72.94275262165812,12.01073462623436,0.4348483136027772
ATM_00189,State Bank of India,Bhubaneswar,Odisha,20.34867965203358,85.78232275188773,28.47901344448505,0.2476647534198212
ATM_00190,HDFC Bank,Jaipur,Rajasthan,26.85187494204653,75.70662946722246,24.62224920621835,0.5915252921662858
ATM_00191,ICICI Bank,Durgapur,West Bengal,23.40594693715335,87.38352409587262,6.229226596529789,0.4941427378687356
ATM_00192,Axis Bank,Ahmedabad,Gujarat,23.068308563280237,72.62591814558468,29.36321732944161,0.1927509224419929
ATM_00193,Canara Bank,Ranchi,Jharkhand,23.34346279247558,85.36231976079246,13.159028107148378,0.215708580571228
ATM_00194,State Bank of India,Patna,Bihar,25.569730248803943,85.15779102793397,45.837311804021454,0.4548274324248505
ATM_00195,Axis Bank,Bhubaneswar,Odisha,20.33761679082721,85.78169580870455,34.26872000525725,0.432033472949111
ATM_00196,Indian Bank,Hyderabad,Telangana,17.382412050764735,78.57874715349686,11.538171692968156,0.4727380263938699
ATM_00197,Axis Bank,Delhi,Delhi,28.618251761407336,77.1616329310029,44.66866281077866,0.2538973946761992
ATM_00198,Union Bank of India,Bhubaneswar,Odisha,20.28260625323533,85.77556181421089,56.48108596575538,0.2857213617632627
ATM_00199,HDFC Bank,Bengaluru,Karnataka,12.842953437930785,77.57532308800161,22.78828924627744,0.2317922806044498
ATM_00200,Axis Bank,Patna,Bihar,25.66339516606456,85.18803014749246,24.532994066577448,0.2332041462800099
ATM_00201,Indian Bank,Lucknow,Uttar Pradesh,26.80801054004482,80.88446726483444,42.21937163147384,0.1697303259220881
ATM_00202,Indian Bank,Pune,Maharashtra,18.431463987554785,73.93150221557447,54.14076244682139,0.4915121741124872
ATM_00203,Union Bank of India,Durgapur,West Bengal,23.55849594932178,87.32253278811915,7.689067452374211,0.3319587751508012
ATM_00204,Union Bank of India,Durgapur,West Bengal,23.50695829116024,87.28990678561922,12.52411813935575,0.3427031340245881
ATM_00205,Axis Bank,Bhopal,Madhya Pradesh,23.21612374865941,77.42283051047625,20.504933778795618,0.4732074603715058
ATM_00206,Indian Bank,Bengaluru,Karnataka,12.982443051849147,77.61670583326567,21.94614258830109,0.057826174727944
ATM_00207,Punjab National Bank,Delhi,Delhi,28.708001224823757,77.27627100230775,41.5321951093474,0.3342823374545915
ATM_00208,Punjab National Bank,Kolkata,West Bengal,22.58179416759526,88.36890477212899,54.29718691183621,0.5055663733930453
ATM_00209,Bank of Baroda,Patna,Bihar,25.54461975898707,85.13131065399503,56.56781230541213,0.1092677169367234
ATM_00210,Bank of Baroda,Lucknow,Uttar Pradesh,26.97363455508687,80.9728976333554,7.540743057590463,0.476371862104171
ATM_00211,Axis Bank,Ranchi,Jharkhand,23.33619960507105,85.28825594650263,15.552919832902177,0.3351520189164386
ATM_00212,Punjab National Bank,Jaipur,Rajasthan,26.95501232445152,75.67126313130109,11.162012013578323,0.3113112656037834
ATM_00213,State Bank of India,Mumbai,Maharashtra,18.998212501206417,72.7384682177609,18.114645147012265,0.3156514521042243
ATM_00214,Axis Bank,Patna,Bihar,25.617684405259894,85.06111178484137,15.510399723070408,0.1342593059642669
ATM_00215,Indian Bank,Hyderabad,Telangana,17.349084829191465,78.53199438057453,34.20827607764665,0.0426125165402731
ATM_00216,State Bank of India,Bhopal,Madhya Pradesh,23.2638204461253,77.33836492142414,36.61918098914143,0.4402492515093427
ATM_00217,Punjab National Bank,Chennai,Tamil Nadu,13.196532581319945,80.18923486947229,26.771679438758547,0.1195934956640864
ATM_00218,Canara Bank,Bhopal,Madhya Pradesh,23.19291857509031,77.42004451138261,25.249575812397627,0.2000779313230957
ATM_00219,ICICI Bank,Delhi,Delhi,28.570356767617685,77.1284019410175,21.069283030214496,0.7007817975708072
ATM_00220,State Bank of India,Patna,Bihar,25.56574184160323,85.19404443715236,22.65986480282801,0.2817555447671213
ATM_00221,ICICI Bank,Bhubaneswar,Odisha,20.35040527633848,85.80477088408817,62.21801211427282,0.3492651154755515
ATM_00222,HDFC Bank,Mumbai,Maharashtra,19.12799962199149,72.82766898597136,39.74381888811028,0.183486628129589
ATM_00223,Punjab National Bank,Mumbai,Maharashtra,18.999266075900863,73.01750163541676,21.578431753424965,0.5023166737897836
ATM_00224,Canara Bank,Kolkata,West Bengal,22.555465620295983,88.34532795670022,24.952528953813054,0.0624500784100217
ATM_00225,ICICI Bank,Ahmedabad,Gujarat,22.98106709818311,72.61748173591769,34.66637619415415,0.4354437700393007
ATM_00226,Canara Bank,Durgapur,West Bengal,23.59114818457483,87.31815230155831,11.535479836727657,0.0920630148030118
ATM_00227,ICICI Bank,Bhopal,Madhya Pradesh,23.321010167310398,77.30388382179567,29.06968915613524,0.6257518883853295
ATM_00228,Union Bank of India,Pune,Maharashtra,18.52167856682047,73.78615747347972,38.5019421815738,0.3770081169472025
ATM_00229,ICICI Bank,Hyderabad,Telangana,17.425628029818157,78.39266541153627,35.710067787564654,0.1271719790497805
ATM_00230,ICICI Bank,Delhi,Delhi,28.699732888822737,77.23104840909306,15.760004301392474,0.2743528735631583
ATM_00231,Axis Bank,Pune,Maharashtra,18.55594799841017,73.8789131655743,17.75883109432826,0.3825666156869312
ATM_00232,Canara Bank,Chennai,Tamil Nadu,13.028646833620003,80.30149678034722,5.644916075498008,0.1784396198271592
ATM_00233,HDFC Bank,Mumbai,Maharashtra,19.092306651112107,72.81514432118074,40.839441449312766,0.2162905367743838
ATM_00234,Indian Bank,Mumbai,Maharashtra,19.08736307045673,72.9150990217031,76.89931633949145,0.5209740341645329
ATM_00235,Axis Bank,Ranchi,Jharkhand,23.40988832541411,85.22194464765309,14.294483398907882,0.279074004926693
ATM_00236,Bank of India,Bengaluru,Karnataka,13.030860514575544,77.56109804032224,48.98830363527687,0.4849887995749727
ATM_00237,Indian Bank,Mumbai,Maharashtra,19.05765134005598,72.90131983214198,73.13351338375283,0.3481128642195799
ATM_00238,Union Bank of India,Hyderabad,Telangana,17.367248383617664,78.49957366172913,19.767041773634,0.3776973082787966
ATM_00239,State Bank of India,Patna,Bihar,25.599811382433103,85.1451150880731,24.97368439844556,0.4552676384890686
ATM_00240,Canara Bank,Mumbai,Maharashtra,19.18376197692165,72.91131286422069,31.02853595224339,0.564636774420852
ATM_00241,Axis Bank,Jaipur,Rajasthan,26.9209432719064,75.77810083318236,35.05638969920358,0.1352549552408208
ATM_00242,Canara Bank,Lucknow,Uttar Pradesh,26.78227763101213,80.9517408711127,32.02005809319553,0.4189062970344011
ATM_00243,Punjab National Bank,Bengaluru,Karnataka,12.981392262754884,77.54568136111925,20.768742520293443,0.6277239733678208
ATM_00244,Indian Bank,Mumbai,Maharashtra,19.176278702282,72.91357957898965,38.15919789901935,0.4233062618932802
ATM_00245,Bank of India,Bhopal,Madhya Pradesh,23.272701486715693,77.46173454919727,21.074875746692385,0.3242865327317485
ATM_00246,Indian Bank,Bengaluru,Karnataka,12.879556288433418,77.53062115166321,33.310868501978064,0.5237323534287259
ATM_00247,Axis Bank,Durgapur,West Bengal,23.50299934568516,87.3218279181448,26.191655611146423,0.6843643932117193
ATM_00248,Union Bank of India,Kolkata,West Bengal,22.5420241098504,88.2935669451576,6.927821798383302,0.3592652758898438
ATM_00249,Canara Bank,Patna,Bihar,25.661165595985008,85.09341111055679,53.03768470472724,0.3939614324212918
ATM_00250,Union Bank of India,Pune,Maharashtra,18.4729300555584,73.98831910324188,18.074331691414,0.3799956547644613
ATM_00251,Indian Bank,Hyderabad,Telangana,17.382509568408672,78.43074425359866,55.996961149112,0.0841743365393104
ATM_00252,Axis Bank,Chennai,Tamil Nadu,13.0211020937127,80.27796133885647,47.89664658486751,0.4372271147397712
ATM_00253,HDFC Bank,Patna,Bihar,25.61282925547255,85.08515858329592,30.48078483577399,0.0941077935758852
ATM_00254,State Bank of India,Bengaluru,Karnataka,12.908198924417848,77.52814270864192,36.11388640169678,0.3982612864989766
ATM_00255,Bank of India,Jaipur,Rajasthan,26.95079916348473,75.86736191135711,38.65159115415541,0.0776550664575109
ATM_00256,State Bank of India,Ahmedabad,Gujarat,23.07178613584118,72.54167677259309,23.5722089735417,0.1282124549316295
ATM_00257,State Bank of India,Bhubaneswar,Odisha,20.3292868606944,85.87500707302144,24.271877852138616,0.2142506430565661
ATM_00258,State Bank of India,Ranchi,Jharkhand,23.378681034047545,85.37390742275532,37.58120103714579,0.1898088523955465
ATM_00259,Union Bank of India,Ahmedabad,Gujarat,23.064384871920023,72.63979926537212,26.362319193257026,0.449549690409468
ATM_00260,Indian Bank,Jaipur,Rajasthan,26.925752519267423,75.82402264037252,20.8120411123608,0.2340831361350911
ATM_00261,Canara Bank,Jaipur,Rajasthan,26.93388091095663,75.79768438435816,15.932051134133625,0.1004746869111375
ATM_00262,Bank of Baroda,Lucknow,Uttar Pradesh,26.887624236731927,80.95339238271231,33.88140476161537,0.1752910699720822
ATM_00263,HDFC Bank,Ahmedabad,Gujarat,23.04483198657585,72.5607363812017,17.685835621508485,0.3112062459089998
ATM_00264,Axis Bank,Patna,Bihar,25.59212224230717,85.17167503486864,43.37403636546945,0.3072581434169985
ATM_00265,Canara Bank,Ahmedabad,Gujarat,23.09033166910917,72.4357754754076,45.45567324790632,0.3162298390616307
ATM_00266,HDFC Bank,Delhi,Delhi,28.550196550752336,77.27970202305013,35.95347386447442,0.4493230296578294
ATM_00267,Canara Bank,Kolkata,West Bengal,22.520475756288644,88.42779634146191,40.34644215237881,0.4992607592612914
ATM_00268,State Bank of India,Ahmedabad,Gujarat,23.013156417791933,72.5494134470863,36.01514877523777,0.3797328747609579
ATM_00269,HDFC Bank,Chennai,Tamil Nadu,13.050170757922158,80.32287729546434,41.98911989071302,0.2587951204847887
ATM_00270,HDFC Bank,Delhi,Delhi,28.627252513293463,77.25348153978118,40.97804557828133,0.217206502029108
ATM_00271,Canara Bank,Ahmedabad,Gujarat,23.03530807292169,72.57040591948555,32.82735679529208,0.6337271424536701
ATM_00272,ICICI Bank,Bhubaneswar,Odisha,20.33176997951027,85.8268508606562,48.23751443618602,0.3024225452045582
ATM_00273,Bank of Baroda,Patna,Bihar,25.56823557749498,85.20806737200928,24.09144696755376,0.353243831536729
ATM_00274,Bank of India,Bhopal,Madhya Pradesh,23.305891375507382,77.4282930981735,16.258311751065907,0.1960088011812329
ATM_00275,Axis Bank,Lucknow,Uttar Pradesh,26.833384133573865,80.91347325351789,15.706747036778289,0.194604146338236
ATM_00276,HDFC Bank,Bengaluru,Karnataka,12.87853255481616,77.57961307116953,21.947185972760614,0.1201659626916901
ATM_00277,State Bank of India,Chennai,Tamil Nadu,13.116060304676592,80.35139849103638,6.1566358119257,0.2881738348704263
ATM_00278,State Bank of India,Bengaluru,Karnataka,12.96986575563066,77.60631073662682,30.30358650222407,0.1945107684338112
ATM_00279,Indian Bank,Jaipur,Rajasthan,26.858871096016145,75.82143116182286,38.94576828718451,0.2219017467003496
ATM_00280,Union Bank of India,Bengaluru,Karnataka,13.020816119923827,77.58390055778872,45.0941719615886,0.4924424140581507
ATM_00281,Union Bank of India,Patna,Bihar,25.58924502162984,85.14031594432272,8.087264197818214,0.0850659978225831
ATM_00282,ICICI Bank,Chennai,Tamil Nadu,13.058881114951532,80.30056530207327,16.04995033542174,0.1707846803550596
ATM_00283,Indian Bank,Bhubaneswar,Odisha,20.27530663292941,85.81929751216002,42.6348004125194,0.3275299415979275
ATM_00284,Punjab National Bank,Kolkata,West Bengal,22.59602817466858,88.3893094888746,23.62507610892912,0.3146017534698956
ATM_00285,Axis Bank,Ranchi,Jharkhand,23.34892726317694,85.23460815443383,38.44704082981808,0.5591300431761457
ATM_00286,ICICI Bank,Lucknow,Uttar Pradesh,26.761749639757817,80.95556876959198,11.117210686836344,0.0569074657411333
ATM_00287,ICICI Bank,Mumbai,Maharashtra,19.084482644473542,72.8775493698408,55.62878078748311,0.5215862971395819
ATM_00288,Bank of India,Kolkata,West Bengal,22.537339463183518,88.32871899685368,10.495253909521134,0.1109111744624726
ATM_00289,Bank of India,Jaipur,Rajasthan,26.80011664005031,75.74338144064536,29.782995428082465,0.2265228453079547
ATM_00290,Bank of Baroda,Kolkata,West Bengal,22.59977495513947,88.41808048269527,30.239004383681625,0.0823237952883983
ATM_00291,Punjab National Bank,Patna,Bihar,25.5852526386253,85.09768513777308,19.417016976224776,0.0203376211117979
ATM_00292,HDFC Bank,Pune,Maharashtra,18.508627163889763,73.86180644604356,35.226461661432474,0.515099224706211
ATM_00293,ICICI Bank,Hyderabad,Telangana,17.430374738420863,78.48849472748839,35.80191802614717,0.1524295832997067
ATM_00294,State Bank of India,Pune,Maharashtra,18.54763337221592,73.95754437720935,33.60179895293043,0.401561690342304
ATM_00295,State Bank of India,Hyderabad,Telangana,17.44008283569982,78.4898808879975,19.188902552945425,0.1934741652155991
ATM_00296,Bank of India,Patna,Bihar,25.61438087965702,85.17335035069006,16.85475858752862,0.5676055160091945
ATM_00297,Punjab National Bank,Bengaluru,Karnataka,13.022026041238927,77.67118444006205,20.52593648261658,0.207457529958512
ATM_00298,Bank of Baroda,Bhopal,Madhya Pradesh,23.251544095984155,77.41993568432166,15.365024010077573,0.2430327927543291
ATM_00299,Canara Bank,Durgapur,West Bengal,23.598765393331945,87.32905545414758,49.48157796698395,0.1686796225990403
ATM_00300,State Bank of India,Mumbai,Maharashtra,19.1168876347938,72.80323034701753,21.662555843444597,0.1197872134843499
ATM_00301,Union Bank of India,Jaipur,Rajasthan,26.844407192951007,75.82461267830136,29.2820481293783,0.4281637369757693
ATM_00302,Canara Bank,Bhubaneswar,Odisha,20.28071108825235,85.8354575163832,42.537155237563695,0.2805328520070296
ATM_00303,Bank of Baroda,Lucknow,Uttar Pradesh,26.906019370610764,80.9348823583038,14.864993813775309,0.0255304591814648
ATM_00304,Axis Bank,Bhubaneswar,Odisha,20.268322663359328,85.84908965276998,10.173661912914586,0.5758838933798938
ATM_00305,Punjab National Bank,Mumbai,Maharashtra,19.11359513090164,72.92654495390185,15.400806402851613,0.2466749134265328
ATM_00306,ICICI Bank,Delhi,Delhi,28.58457259557393,77.30454022942294,31.188175346206613,0.1265914119379539
ATM_00307,Indian Bank,Chennai,Tamil Nadu,13.160976201461718,80.26741248694636,29.954545702082864,0.076905262823075
ATM_00308,Axis Bank,Ahmedabad,Gujarat,22.937450322403063,72.55107535616519,33.56464228308715,0.1317865994756037
ATM_00309,Axis Bank,Delhi,Delhi,28.67883298670822,77.21438399348634,25.016328827635483,0.3423522504030944
ATM_00310,ICICI Bank,Mumbai,Maharashtra,19.03982815929466,72.91425727646289,3.3770940929457143,0.4422870444385288
ATM_00311,Bank of Baroda,Delhi,Delhi,28.63544201221669,77.22116538320643,24.533450975112466,0.2290208014335576
ATM_00312,Indian Bank,Patna,Bihar,25.50176137827643,85.1092665293745,45.74224844778328,0.8133424050014515
ATM_00313,ICICI Bank,Bhopal,Madhya Pradesh,23.307008325258188,77.45560481920715,52.37438969768138,0.2079234242657764
ATM_00314,Union Bank of India,Delhi,Delhi,28.55132302879048,77.28118823020367,28.140797677856643,0.2608344425937606
ATM_00315,Bank of Baroda,Bhopal,Madhya Pradesh,23.27338346786985,77.40109717822018,30.02033932629996,0.1095262841662347
ATM_00316,Axis Bank,Pune,Maharashtra,18.54888836401161,73.87908542800086,38.03903648617802,0.2508512520003949
ATM_00317,Bank of Baroda,Ahmedabad,Gujarat,22.97528156112285,72.58756228814545,51.55287964353517,0.4615262690501316
ATM_00318,Bank of India,Pune,Maharashtra,18.530226058485077,73.89215018787942,26.675289127860875,0.6224521206393593
ATM_00319,Punjab National Bank,Durgapur,West Bengal,23.486580384897035,87.40194702164554,37.73844959682763,0.3984798933684013
ATM_00320,Bank of Baroda,Jaipur,Rajasthan,26.93463275928335,75.7375322318038,18.64889508180952,0.0587343222846886
ATM_00321,State Bank of India,Bengaluru,Karnataka,12.89892867513628,77.69286637542268,11.287081043295276,0.0996858624336007
ATM_00322,HDFC Bank,Pune,Maharashtra,18.618541131702276,73.83744698690703,19.928813155503715,0.0587453867701584
ATM_00323,Punjab National Bank,Durgapur,West Bengal,23.581157750443587,87.34900422942619,58.11254682790623,0.1404948127964428
ATM_00324,Union Bank of India,Jaipur,Rajasthan,26.911191151145093,75.75874976401802,38.17237244162376,0.1813561796987826
ATM_00325,Punjab National Bank,Jaipur,Rajasthan,26.912219873045476,75.72938176554038,12.057745737524533,0.1207732276954052
ATM_00326,HDFC Bank,Bhopal,Madhya Pradesh,23.2861444389332,77.50168125452127,39.182411495745086,0.3803905055871858
ATM_00327,Bank of India,Bhopal,Madhya Pradesh,23.26302513666247,77.37357629968373,12.71360973697638,0.115508747068787
ATM_00328,Punjab National Bank,Bhubaneswar,Odisha,20.226831406716517,85.76913402433269,33.29778470086214,0.3442408863859198
ATM_00329,HDFC Bank,Ahmedabad,Gujarat,23.05410580506342,72.52246166760693,14.482076002526584,0.4240345061051237
ATM_00330,Punjab National Bank,Lucknow,Uttar Pradesh,26.9166677718293,80.99293168414565,11.577685184654,0.2228239973320058
ATM_00331,Union Bank of India,Jaipur,Rajasthan,27.002999006206743,75.8051962864346,63.49130710901701,0.4966158879327197
ATM_00332,Canara Bank,Pune,Maharashtra,18.565159661001385,73.8884585900841,21.652267699588958,0.3672419812866422
ATM_00333,Indian Bank,Patna,Bihar,25.599826668310776,85.18510727354995,37.7792344673269,0.1766046090707247
ATM_00334,Bank of India,Hyderabad,Telangana,17.488763043631266,78.45224060909553,27.340470805153785,0.2580634729990846
ATM_00335,Punjab National Bank,Bhopal,Madhya Pradesh,23.241423919158887,77.42282746980453,13.4206501274538,0.189464696727799
ATM_00336,ICICI Bank,Bhopal,Madhya Pradesh,23.22732909981928,77.38840570829728,23.10512930884547,0.4155398954279267
ATM_00337,Union Bank of India,Lucknow,Uttar Pradesh,26.8290286628132,80.84536689351285,13.501796777020385,0.3736665773648109
ATM_00338,ICICI Bank,Bhubaneswar,Odisha,20.327034327392397,85.88096622187697,88.65193813396635,0.3157432682241395
ATM_00339,Punjab National Bank,Bhopal,Madhya Pradesh,23.346277158505035,77.4344161834837,41.640761858462376,0.0839932954106549
ATM_00340,ICICI Bank,Bengaluru,Karnataka,12.915208638974937,77.62281386940134,27.0352181195521,0.1704002605691204
ATM_00341,Bank of Baroda,Bhubaneswar,Odisha,20.283231173128836,85.74107079630612,36.63602691678222,0.1477675605532415
ATM_00342,Bank of Baroda,Ranchi,Jharkhand,23.400662639519886,85.29586262524128,40.137731711865136,0.039946971742571
ATM_00343,Union Bank of India,Chennai,Tamil Nadu,13.126389152048006,80.30910619175674,40.19790894630516,0.1032941517860653
ATM_00344,Axis Bank,Mumbai,Maharashtra,19.087222590928,72.93005491513061,39.23267754893713,0.1051529492765956
ATM_00345,HDFC Bank,Lucknow,Uttar Pradesh,26.841430403728133,81.03574146064834,37.54544280484975,0.2278664790943892
ATM_00346,Indian Bank,Ranchi,Jharkhand,23.33546863500296,85.35378299687434,28.36479502383439,0.4036845371958589
ATM_00347,ICICI Bank,Kolkata,West Bengal,22.6126249120883,88.37286373022134,60.803262509966416,0.1854125091233029
ATM_00348,State Bank of India,Bhubaneswar,Odisha,20.35841634428987,85.81815942510485,29.44870146430864,0.2356320321207812
ATM_00349,Canara Bank,Kolkata,West Bengal,22.54878496795156,88.4333156350717,27.506321106422828,0.2356871952026764
ATM_00350,Bank of India,Lucknow,Uttar Pradesh,26.862890006380297,80.93212550105034,29.598663269339948,0.2556894500410284
ATM_00351,Union Bank of India,Durgapur,West Bengal,23.51040300757048,87.2695238253455,30.85207576184388,0.2773165893515958
ATM_00352,Punjab National Bank,Ahmedabad,Gujarat,23.079938285018606,72.48441431106109,8.13642550602271,0.4929038584246122
ATM_00353,HDFC Bank,Delhi,Delhi,28.632614002778865,77.2046577611435,15.296410606183215,0.2246163601284669
ATM_00354,Union Bank of India,Kolkata,West Bengal,22.50786592621396,88.42194133936893,25.01581230006307,0.4978941595164927
ATM_00355,ICICI Bank,Bhopal,Madhya Pradesh,23.182105067475504,77.39898020147501,7.82746788328593,0.2708167713466874
ATM_00356,Indian Bank,Hyderabad,Telangana,17.388841094553015,78.42255038879057,27.009197810163226,0.2447966527292512
ATM_00357,Axis Bank,Bhopal,Madhya Pradesh,23.246937477870983,77.4742843460688,30.614191211311663,0.7069398340941843
ATM_00358,Punjab National Bank,Pune,Maharashtra,18.595437989531717,73.89921108710568,10.92777384433997,0.4405181037535751
ATM_00359,Bank of Baroda,Chennai,Tamil Nadu,13.152927168700543,80.19042282966795,17.81475718748395,0.0428320459356001
ATM_00360,Union Bank of India,Bhopal,Madhya Pradesh,23.320625464265262,77.4081238694876,53.54867016256213,0.3382887652701045
ATM_00361,Axis Bank,Bhopal,Madhya Pradesh,23.268595402082823,77.46707183546802,36.84979448652796,0.1093125928188253
ATM_00362,Bank of Baroda,Mumbai,Maharashtra,19.014132917727647,72.90916244859469,35.658059282935966,0.2790779756873904
ATM_00363,Axis Bank,Bengaluru,Karnataka,13.057387800400312,77.63319409975178,49.95450807729503,0.1231956763357348
ATM_00364,HDFC Bank,Bengaluru,Karnataka,13.070183437523092,77.58394323316664,15.49613548617594,0.3108549002870198
ATM_00365,Union Bank of India,Jaipur,Rajasthan,26.958216383735127,75.8046244237949,10.9510967370135,0.5807638662086987
ATM_00366,Punjab National Bank,Ranchi,Jharkhand,23.23802220293056,85.3242496763726,46.257498822678926,0.3520188680892029
ATM_00367,Bank of Baroda,Chennai,Tamil Nadu,13.04606579043712,80.29597135733124,25.44552080144408,0.2116244883009573
ATM_00368,Punjab National Bank,Delhi,Delhi,28.57786047905318,77.2331946158621,15.22160951664122,0.1906015665046827
ATM_00369,HDFC Bank,Bengaluru,Karnataka,12.966457791843196,77.59326028266821,8.08651852741355,0.5287406174504465
ATM_00370,State Bank of India,Delhi,Delhi,28.623088556731155,77.21733848097983,29.798661301173333,0.3441654266410305
ATM_00371,Axis Bank,Bhopal,Madhya Pradesh,23.269814468868592,77.39961970887752,23.68216839118121,0.509483025220101
ATM_00372,Bank of Baroda,Delhi,Delhi,28.644801435549184,77.21605183279114,21.245139998804945,0.3888300984943921
ATM_00373,HDFC Bank,Bengaluru,Karnataka,12.879052982105238,77.64177319209327,4.400599829829695,0.2486223552396022
ATM_00374,State Bank of India,Mumbai,Maharashtra,18.99532656698658,72.9242504732164,60.363396780787504,0.3258502241821392
ATM_00375,Axis Bank,Jaipur,Rajasthan,26.899301678184077,75.76191601087672,9.517539103545156,0.6161490898475421
ATM_00376,Punjab National Bank,Mumbai,Maharashtra,18.991760730258974,72.831013887363,22.544963719633422,0.2637367830498125
ATM_00377,Bank of India,Kolkata,West Bengal,22.602470003492492,88.39895863711554,20.253366214365784,0.1821869445534877
ATM_00378,Union Bank of India,Ahmedabad,Gujarat,23.08698782641877,72.55833000375225,37.47859023542271,0.171892970512924
ATM_00379,State Bank of India,Durgapur,West Bengal,23.511746408785804,87.31267895237907,8.157015050766942,0.3967058968120799
ATM_00380,ICICI Bank,Bhopal,Madhya Pradesh,23.318479026344125,77.51401785961151,34.94831715438644,0.2024517443898647
ATM_00381,State Bank of India,Bhopal,Madhya Pradesh,23.37050956546923,77.46819938569053,29.886065291353987,0.2286376528159782
ATM_00382,Indian Bank,Kolkata,West Bengal,22.65470075800682,88.41439085446713,17.251482972247647,0.4634907045628147
ATM_00383,Indian Bank,Mumbai,Maharashtra,18.963545213597204,72.84355038348245,34.24349539152504,0.1011867315191542
ATM_00384,Bank of Baroda,Pune,Maharashtra,18.39542971425632,73.97124712862954,26.980572279347392,0.2799184058289093
ATM_00385,HDFC Bank,Bhubaneswar,Odisha,20.2382627887474,85.74786020738688,68.31612147332572,0.4914679824608622
ATM_00386,Canara Bank,Bengaluru,Karnataka,12.964100605430014,77.51288523321851,23.669123702683805,0.3159941076745566
ATM_00387,Bank of Baroda,Hyderabad,Telangana,17.42774501898104,78.5356705450417,13.898925333006977,0.2817194221228608
ATM_00388,Bank of Baroda,Ahmedabad,Gujarat,23.06833142330788,72.56341266798174,35.14883224642292,0.3774191190742991
ATM_00389,ICICI Bank,Bhopal,Madhya Pradesh,23.26636534875832,77.43160237317295,21.87417619770672,0.3231700330669986
ATM_00390,ICICI Bank,Ranchi,Jharkhand,23.339255708519246,85.23912443412634,26.65509703929164,0.2453787438648542
ATM_00391,Bank of Baroda,Mumbai,Maharashtra,19.09552011719581,72.82219809474543,11.015914178080656,0.0507994287219007
ATM_00392,ICICI Bank,Chennai,Tamil Nadu,13.108820930664129,80.28104219259983,37.80659403814391,0.3893073782684028
ATM_00393,HDFC Bank,Pune,Maharashtra,18.566315830300116,73.77817496981885,19.703822068040523,0.0909448989400802
ATM_00394,Bank of India,Mumbai,Maharashtra,19.045833821738917,72.79835941422024,31.24834027059883,0.4066073344417186
ATM_00395,Indian Bank,Durgapur,West Bengal,23.547902604951226,87.26348277725681,77.75068796674411,0.0491331729182327
ATM_00396,Union Bank of India,Ahmedabad,Gujarat,23.114831325041525,72.58251413587291,22.83274068538933,0.1340608055562009
ATM_00397,Axis Bank,Delhi,Delhi,28.53425031332342,77.23102373689802,40.75882041401181,0.3113574232014944
ATM_00398,State Bank of India,Chennai,Tamil Nadu,13.15257073515302,80.2669427916595,23.815412417766115,0.2347545075386435
ATM_00399,Canara Bank,Bhopal,Madhya Pradesh,23.266161225132397,77.39112972294373,17.405961012651275,0.2065514474430359
ATM_00400,Bank of India,Hyderabad,Telangana,17.387443003516285,78.48872958456019,54.58614317618527,0.6816552682617121
ATM_00401,Indian Bank,Lucknow,Uttar Pradesh,26.87168185505629,80.88188120403682,6.324530911207126,0.4125868136483029
ATM_00402,Bank of Baroda,Jaipur,Rajasthan,26.85020683823044,75.7526547401102,46.73486464402293,0.05312104295972
ATM_00403,Canara Bank,Chennai,Tamil Nadu,13.122845080907286,80.24267759242552,5.698422916930356,0.4906190425090824
ATM_00404,Indian Bank,Lucknow,Uttar Pradesh,26.876033910426504,80.98075031193709,44.05978101435708,0.4547962996448925
ATM_00405,State Bank of India,Delhi,Delhi,28.55679367283519,77.19648406441335,26.90042461612422,0.3608149425945933
ATM_00406,Bank of Baroda,Kolkata,West Bengal,22.568587047689626,88.418563545273,13.925350162165984,0.1880666282232222
ATM_00407,ICICI Bank,Delhi,Delhi,28.586525482150066,77.16211100830651,20.556758311764447,0.396148132078496
ATM_00408,Bank of India,Bhopal,Madhya Pradesh,23.28783703763059,77.35310274733172,39.517631307218025,0.2841761625924747
ATM_00409,Bank of India,Durgapur,West Bengal,23.493045235130644,87.32007866677942,73.71393280239718,0.4365609916533659
ATM_00410,HDFC Bank,Mumbai,Maharashtra,19.10934902017191,72.80022343652108,8.410793602537519,0.1419092668807659
ATM_00411,Bank of India,Kolkata,West Bengal,22.479189980002243,88.2651931275832,14.51762252721748,0.1751299161196779
ATM_00412,Punjab National Bank,Delhi,Delhi,28.633398029301496,77.26920340094425,10.307884131859456,0.1093952236279418
ATM_00413,Axis Bank,Lucknow,Uttar Pradesh,26.855156202504958,80.95927855424162,23.69603121142173,0.1509465954397953
ATM_00414,Bank of India,Pune,Maharashtra,18.57693516543072,73.94248509171972,44.72617510021345,0.1997711588453576
ATM_00415,Canara Bank,Pune,Maharashtra,18.448541661962885,73.79558811014623,9.29564436380316,0.323737194997249
ATM_00416,Bank of Baroda,Chennai,Tamil Nadu,13.144627497745596,80.25995337470073,26.469741716502213,0.152292841121347
ATM_00417,Punjab National Bank,Bhopal,Madhya Pradesh,23.271589295589536,77.33480521768982,43.92959309318084,0.2715065310069767
ATM_00418,Indian Bank,Pune,Maharashtra,18.54353131676905,73.96259279748129,20.368895205030363,0.4850993016333453
ATM_00419,ICICI Bank,Kolkata,West Bengal,22.497620627189853,88.29741783488804,30.04919680919649,0.3596941655229386
ATM_00420,Punjab National Bank,Mumbai,Maharashtra,18.97844407625756,72.84625355544057,52.365464181620325,0.1966801624272618
ATM_00421,Canara Bank,Bhopal,Madhya Pradesh,23.32546051151962,77.44732031594727,12.72161957467186,0.0155314978309614
ATM_00422,State Bank of India,Lucknow,Uttar Pradesh,26.841138696932564,80.90150461792676,6.890953129860039,0.2799801593212404
ATM_00423,Canara Bank,Bhopal,Madhya Pradesh,23.258899055032774,77.43178059853939,32.23455779261102,0.1860621232060169
ATM_00424,State Bank of India,Bhopal,Madhya Pradesh,23.303165845101017,77.45080480392481,32.75666152251461,0.1169097053007395
ATM_00425,Punjab National Bank,Jaipur,Rajasthan,26.87996687064756,75.80096881739722,19.475329982143503,0.2867280689900613
ATM_00426,Bank of Baroda,Mumbai,Maharashtra,19.097258942113736,72.89448289948245,17.08436517509653,0.4524646695830735
ATM_00427,Axis Bank,Bhopal,Madhya Pradesh,23.29530543383443,77.46043511583973,27.2282703023404,0.1717814712890066
ATM_00428,Bank of India,Delhi,Delhi,28.579798280840038,77.15027550587534,12.560862824037397,0.4198229253993504
ATM_00429,State Bank of India,Bengaluru,Karnataka,12.910584131139212,77.55866590372784,12.574914109698929,0.233465421092324
ATM_00430,Indian Bank,Patna,Bihar,25.56656364879557,85.17825972034265,39.37039707380961,0.3430824449809528
ATM_00431,Bank of Baroda,Chennai,Tamil Nadu,13.10096504965109,80.3408036073609,11.962173671154153,0.4799059691988199
ATM_00432,ICICI Bank,Chennai,Tamil Nadu,13.086791467927378,80.26575551734045,7.246578826397917,0.0159337914497912
ATM_00433,Axis Bank,Durgapur,West Bengal,23.548822050312808,87.34187970566407,17.061843937765452,0.3524481238715655
ATM_00434,HDFC Bank,Durgapur,West Bengal,23.51165201216523,87.27411274202535,19.779164766084055,0.6577252418827442
ATM_00435,Axis Bank,Patna,Bihar,25.542271204182185,85.20325342577944,34.94613132337668,0.5379363637806488
ATM_00436,Bank of India,Mumbai,Maharashtra,19.130294778291574,72.901434911644,18.05104504161477,0.1227555521955016
ATM_00437,Punjab National Bank,Bhubaneswar,Odisha,20.419343881792884,85.80949298578038,57.29031974299581,0.3162967511292953
ATM_00438,Bank of India,Durgapur,West Bengal,23.52091763099217,87.24630818838249,28.08431090830332,0.7182985797189214
ATM_00439,Union Bank of India,Hyderabad,Telangana,17.366414354835356,78.43708433669819,15.525626917939409,0.2096374939492888
ATM_00440,Axis Bank,Bengaluru,Karnataka,12.974432496244855,77.62108463771784,34.099216552291665,0.4798413981078802
ATM_00441,HDFC Bank,Mumbai,Maharashtra,19.112288341158152,72.85475215570878,56.72742407350546,0.3009635475833737
ATM_00442,Bank of Baroda,Bhopal,Madhya Pradesh,23.194286030733053,77.33446726073669,38.76117230343248,0.2199846305514842
ATM_00443,HDFC Bank,Kolkata,West Bengal,22.54446998591732,88.33382081592929,8.882111801969936,0.4777410693154099
ATM_00444,Canara Bank,Bhubaneswar,Odisha,20.22130609009723,85.86860523911204,20.87504901246273,0.4771332841901341
ATM_00445,Canara Bank,Kolkata,West Bengal,22.537143680754905,88.40662303133973,30.96463841246262,0.1301842498556632
ATM_00446,Union Bank of India,Bhopal,Madhya Pradesh,23.335958606888237,77.48001400329632,37.85211075823069,0.5303993887030928
ATM_00447,Axis Bank,Delhi,Delhi,28.5772623185155,77.1739164044988,23.78555395979208,0.0053680844501438
ATM_00448,Bank of Baroda,Chennai,Tamil Nadu,12.955003943254903,80.31741599556197,21.765466809135745,0.2142283776069361
ATM_00449,ICICI Bank,Chennai,Tamil Nadu,13.168426353409687,80.21773072280955,68.03715381739863,0.2907880033402039
ATM_00450,Canara Bank,Ahmedabad,Gujarat,22.925300628525743,72.70638570702097,39.08632496797545,0.2106468755553669
ATM_00451,Canara Bank,Bengaluru,Karnataka,12.992510330637728,77.58950921289852,34.16059274299432,0.2798311894927176
ATM_00452,Punjab National Bank,Mumbai,Maharashtra,19.064366404574,72.82537610286879,18.54917078291327,0.1835147816056611
ATM_00453,Union Bank of India,Ranchi,Jharkhand,23.43156208110218,85.34930085367706,12.433683798535156,0.263223141157155
ATM_00454,Indian Bank,Ahmedabad,Gujarat,22.94586323155521,72.62304773666143,34.506817310728586,0.4200664284346135
ATM_00455,Bank of Baroda,Mumbai,Maharashtra,19.016278012099715,72.90334218065398,41.5163110228349,0.2775424411487115
ATM_00456,State Bank of India,Bhubaneswar,Odisha,20.289982654867945,85.80274217010727,26.575388406862352,0.6236265478175447
ATM_00457,Canara Bank,Bhopal,Madhya Pradesh,23.259394204426552,77.52352107120574,39.145720988542585,0.2746747326009883
ATM_00458,Axis Bank,Bengaluru,Karnataka,12.911947002254488,77.59259557436717,39.713642312515546,0.231175620516904
ATM_00459,Axis Bank,Bhopal,Madhya Pradesh,23.314477571215697,77.43925070395755,43.07453949703947,0.7501009462025124
ATM_00460,State Bank of India,Bhubaneswar,Odisha,20.36965851637468,85.81403381614241,8.766538174591226,0.4877031402753353
ATM_00461,Bank of India,Jaipur,Rajasthan,26.92697249616059,75.75076590180981,21.250981750771487,0.3857989395930342
ATM_00462,Union Bank of India,Delhi,Delhi,28.630158839826453,77.20066379834566,35.70652151053805,0.0675474542941408
ATM_00463,Union Bank of India,Bengaluru,Karnataka,12.970682548954796,77.66018919501037,27.487753608536664,0.5795435339820293
ATM_00464,State Bank of India,Patna,Bihar,25.518628904329663,85.12381363737664,39.7837615431861,0.4220781732681007
ATM_00465,Bank of Baroda,Bhopal,Madhya Pradesh,23.31044311201859,77.40607424600515,34.14877400951148,0.1076063974617847
ATM_00466,Union Bank of India,Bhopal,Madhya Pradesh,23.360569362376328,77.41942676655414,4.694410027066265,0.3737010222714219
ATM_00467,ICICI Bank,Jaipur,Rajasthan,26.952052819032872,75.84868761299097,48.89511448614988,0.1374243088751497
ATM_00468,Axis Bank,Pune,Maharashtra,18.398704887172595,73.86598837460434,19.58666715082487,0.5327875402080797
ATM_00469,Indian Bank,Patna,Bihar,25.56355550542157,85.19732659372532,14.913209031669563,0.5502437465751491
ATM_00470,Union Bank of India,Bengaluru,Karnataka,13.034359924222665,77.60402080041487,47.99031841434695,0.4527973205672552
ATM_00471,HDFC Bank,Lucknow,Uttar Pradesh,26.87705655503918,81.0122579443159,38.064594004114525,0.1858264858537202
ATM_00472,Axis Bank,Ranchi,Jharkhand,23.327966008057896,85.29705834917725,51.75739437951542,0.43911412045465
ATM_00473,Indian Bank,Durgapur,West Bengal,23.568509967729756,87.30925700228543,31.164420224843774,0.0875528691864707
ATM_00474,HDFC Bank,Bengaluru,Karnataka,12.967946551579647,77.54124917067911,21.07952712139089,0.3025553098306243
ATM_00475,HDFC Bank,Hyderabad,Telangana,17.426581415383225,78.48531646662029,29.077393351839824,0.2269257426138339
ATM_00476,Union Bank of India,Patna,Bihar,25.55264812708234,85.14768502799583,13.14173721834643,0.2207946848752721
ATM_00477,HDFC Bank,Patna,Bihar,25.485817738579797,85.18631311110644,10.115367501881911,0.0932182061227306
ATM_00478,ICICI Bank,Hyderabad,Telangana,17.40075202445908,78.47838083353209,17.65423342111017,0.2918793276226026
ATM_00479,Canara Bank,Durgapur,West Bengal,23.459777136057536,87.36867425081813,60.37167431350106,0.1293500551476645
ATM_00480,Bank of Baroda,Delhi,Delhi,28.629016687088168,77.12603776908054,18.839122445560378,0.1930659500417276
ATM_00481,Canara Bank,Bhubaneswar,Odisha,20.3147247854895,85.90445611675747,7.37370955531286,0.3841686148129106
ATM_00482,Punjab National Bank,Bhopal,Madhya Pradesh,23.252550060890144,77.39437663687399,24.20101486140805,0.2900182703688738
ATM_00483,HDFC Bank,Patna,Bihar,25.608826237122692,85.05172521329297,18.677852610576164,0.1968536047865766
ATM_00484,HDFC Bank,Mumbai,Maharashtra,19.09598439758763,72.84513215531041,49.39207578761391,0.1316670998839262
ATM_00485,Punjab National Bank,Ranchi,Jharkhand,23.284295138408783,85.3076130547597,58.00369089300701,0.3457640572822913
ATM_00486,ICICI Bank,Patna,Bihar,25.63427229061828,85.1802083394126,20.46862236103618,0.3598740706896604
ATM_00487,Bank of India,Ranchi,Jharkhand,23.35223349994988,85.26678467152784,31.14684858168149,0.1697468754555758
ATM_00488,Union Bank of India,Bengaluru,Karnataka,12.964677200800812,77.53338508818553,32.68388188750131,0.2072331187010375
ATM_00489,Axis Bank,Delhi,Delhi,28.64085660515914,77.22608146096846,25.8800411440728,0.2979050442506653
ATM_00490,HDFC Bank,Pune,Maharashtra,18.532650929773023,73.8468285230679,23.07841307579645,0.1289923387541887
ATM_00491,Canara Bank,Patna,Bihar,25.64909524754589,85.0946947227616,14.24229983434982,0.3257121702747576
ATM_00492,Bank of India,Patna,Bihar,25.568367922539093,85.08208883067452,6.452727924942362,0.1118397306988661
ATM_00493,Indian Bank,Chennai,Tamil Nadu,13.142544747590122,80.2748540257141,14.185641841891014,0.1444000366475845
ATM_00494,Axis Bank,Hyderabad,Telangana,17.426349719455867,78.52659013365248,25.32720489390441,0.0072747047413066
ATM_00495,Punjab National Bank,Patna,Bihar,25.625812057152963,85.161364279466,9.308028790312182,0.1386391024045476
ATM_00496,Axis Bank,Pune,Maharashtra,18.46683729251536,73.85699261683627,30.19654663793617,0.0468492653975621
ATM_00497,Indian Bank,Chennai,Tamil Nadu,13.048826217150143,80.30428736455387,27.815159367258737,0.2007926074670787
ATM_00498,Axis Bank,Bengaluru,Karnataka,12.95190093183488,77.57400869228405,18.698559907263,0.171549651533383
ATM_00499,ICICI Bank,Delhi,Delhi,28.58630709270538,77.33690996428342,22.47199882469692,0.0517718433947907
ATM_00500,Axis Bank,Pune,Maharashtra,18.50941298482985,73.84085891193541,10.576490234112216,0.2703666863748113
